Date,IV1M50d,RV1M,Spot,Ratio.lag.RM
1/16/2004,15,8.405725742,1139.83,NA
1/19/2004,15,8.34156623,1139.83,NA
1/20/2004,15.21,8.406457975,1138.77,NA
1/21/2004,14.34,7.997818246,1147.62,NA
1/22/2004,14.71,8.147221079,1143.94,NA
1/23/2004,14.84,8.231556727,1141.55,NA
1/26/2004,14.55,8.886230885,1155.37,NA
1/27/2004,15.35,9.637180776,1144.05,NA
1/28/2004,16.78,10.87349501,1128.48,NA
1/29/2004,17.14,10.93910036,1134.11,NA
1/30/2004,16.63,10.35251706,1131.13,NA
2/2/2004,17.11,10.3899678,1135.26,NA
2/3/2004,17.34,10.38374798,1136.03,NA
2/4/2004,17.87,10.81505845,1126.52,NA
2/5/2004,17.71,10.74931621,1128.59,NA
2/6/2004,16,10.76862501,1142.76,NA
2/9/2004,16.39,10.8220049,1139.81,NA
2/10/2004,15.94,10.90413543,1145.54,NA
2/11/2004,15.39,11.30112492,1157.76,NA
2/12/2004,15.31,10.98484285,1152.11,NA
2/13/2004,15.58,11.11439193,1145.81,NA
2/16/2004,15.58,10.92765867,1145.81,1.633383371
2/17/2004,15.4,11.04675486,1156.99,1.548442598
2/18/2004,15.59,11.1874935,1151.82,1.592120464
2/19/2004,15.8,11.09395526,1147.06,1.525164834
2/20/2004,16.04,11.13292555,1144.11,1.603939428
2/23/2004,16.29,11.16813429,1140.99,1.657076634
2/24/2004,15.9,10.86949406,1139.09,1.671048918
2/25/2004,14.93,10.90960638,1143.67,1.78756441
2/26/2004,14.83,10.89084789,1144.91,2.012883384
2/27/2004,14.55,10.10320551,1144.94,2.120670524
3/1/2004,14.44,10.07494206,1155.96,1.912899913
3/2/2004,14.86,9.156129108,1149.1,1.95709206
3/3/2004,14.55,9.050122608,1151.04,2.039540609
3/4/2004,14.4,9.020636573,1154.88,2.141257373
3/5/2004,14.48,8.976786485,1156.87,2.181209671
3/8/2004,15.79,9.459873351,1147.21,1.877341834
3/9/2004,16.6,9.227536814,1140.58,1.913224236
3/10/2004,18.67,10.45015703,1123.89,1.580267467
3/11/2004,20.67,10.62613175,1106.78,1.344111281
3/12/2004,18.3,11.52016059,1120.57,1.262803324
3/15/2004,21.13,12.16833084,1104.49,1.196081559
3/16/2004,20.34,11.7119905,1110.7,1.215373087
3/17/2004,18.11,12.44318742,1123.75,1.162169836
3/18/2004,18.53,12.35129563,1122.32,1.212565935
3/19/2004,19.15,12.79659104,1109.78,1.19612575
3/22/2004,21.58,12.76256793,1095.4,1.164567998
3/23/2004,20.67,12.74300275,1093.95,1.218965547
3/24/2004,19.81,12.72507503,1091.33,1.223971532
3/25/2004,17.88,14.06442771,1109.19,1.056754355
3/26/2004,17.33,14.05560517,1108.06,1.082200583
3/29/2004,16.5,14.79374851,1122.47,1.022732357
3/30/2004,16.28,14.79426513,1127,1.040103404
3/31/2004,16.74,14.78356807,1126.21,1.103758655
4/1/2004,16.65,14.90918176,1132.17,1.100932758
4/2/2004,15.64,14.83038211,1141.81,1.087677662
4/5/2004,14.97,14.93751473,1150.57,1.098465386
4/6/2004,15.32,14.94367912,1148.16,1.232949936
4/7/2004,15.76,15.04584503,1140.53,1.308559165
4/8/2004,16.26,15.02804009,1139.32,1.517115372
4/9/2004,16.26,14.79492864,1139.32,1.732410633
4/12/2004,15.28,14.77107743,1145.2,1.5584152
4/13/2004,17.26,14.6764569,1129.44,1.677863156
4/14/2004,15.62,13.71699195,1128.17,1.664801517
4/15/2004,15.74,13.1348943,1128.84,1.528560186
4/16/2004,14.94,12.22211976,1134.61,1.589258991
4/19/2004,15.42,12.12712141,1135.82,1.692889542
4/20/2004,16.67,12.68709017,1118.15,1.72055517
4/21/2004,15.6,12.80511505,1124.09,1.67549832
4/22/2004,14.61,12.98674409,1139.93,1.504207453
4/23/2004,14.01,12.07393429,1140.6,1.400091639
4/26/2004,14.77,12.20316392,1135.53,1.386063963
4/27/2004,15.07,12.12906565,1138.11,1.357502677
4/28/2004,16.29,12.09161947,1122.41,1.256076902
4/29/2004,16.6,12.37096291,1113.89,1.296452082
4/30/2004,17.19,11.72839726,1107.3,1.307841898
5/3/2004,16.62,12.06793849,1117.49,1.216436335
5/4/2004,16.55,12.08764707,1119.55,1.198906083
5/5/2004,15.77,11.96344625,1121.53,1.263427393
5/6/2004,17.05,11.73825694,1113.99,1.308223885
5/7/2004,18.13,12.05327583,1098.7,1.264909316
5/10/2004,19.77,12.37889392,1087.12,1.238646271
5/11/2004,18.57,12.68961509,1095.45,1.168600385
5/12/2004,18.14,12.73479405,1097.28,1.359700866
5/13/2004,18.86,12.72700761,1096.44,1.26879419
5/14/2004,18.47,12.52555306,1095.7,1.318392587
5/17/2004,19.96,12.22890858,1084.1,1.215273581
5/18/2004,19.33,12.53875842,1091.49,1.262524896
5/19/2004,18.93,12.52692012,1088.68,1.40269268
5/20/2004,18.67,12.34623288,1089.19,1.353731989
5/21/2004,18.49,12.45552881,1093.56,1.294946137
5/24/2004,18.08,11.54020123,1095.41,1.278446303
5/25/2004,15.96,12.65892385,1113.05,1.195794929
5/26/2004,15.97,11.69599131,1114.94,1.256488682
5/27/2004,15.28,11.88433572,1121.28,1.375940186
5/28/2004,15.5,11.8153228,1120.68,1.445940566
5/31/2004,15.5,11.7789063,1120.68,1.54438048
6/1/2004,16.3,10.89399914,1121.2,1.539870175
6/2/2004,16.08,10.63281536,1124.99,1.56908938
6/3/2004,17.03,10.74330639,1116.64,1.483490735
6/4/2004,16.78,10.45641006,1122.5,1.622431213
6/7/2004,15.39,11.6467556,1140.42,1.517142146
6/8/2004,15.01,11.64489984,1142.18,1.704050764
6/9/2004,15.39,11.87625816,1131.33,1.567597286
6/10/2004,15.04,10.87155367,1136.47,1.560839775
6/11/2004,15.04,10.1002995,1136.47,1.673781651
6/14/2004,16.07,10.58678884,1125.29,1.594647076
6/15/2004,15.05,10.70282343,1132.01,1.740188586
6/16/2004,14.79,10.67928414,1133.56,1.736203439
6/17/2004,15.15,10.69564198,1132.05,1.751661034
6/18/2004,14.99,9.893350256,1135.02,1.773400104
6/21/2004,15.26,9.939355898,1130.3,1.788914507
6/22/2004,14.31,9.864679273,1134.41,1.786307587
6/23/2004,13.98,10.09559338,1144.06,1.540262389
6/24/2004,14.81,10.20311767,1140.65,1.579057062
6/25/2004,15.19,10.47204008,1134.43,1.522695537
6/28/2004,16.07,9.233976182,1133.35,1.591987326
6/29/2004,15.47,9.246909641,1136.2,1.633167204
6/30/2004,14.34,9.167496035,1140.84,1.745321
7/1/2004,15.2,9.860944366,1128.94,1.619084961
7/2/2004,15.08,9.925800444,1125.38,1.75428443
7/5/2004,15.08,9.925547623,1125.38,1.782844192
7/6/2004,16.25,10.2196183,1116.21,1.592210233
7/7/2004,15.81,9.948137681,1118.33,1.596681069
7/8/2004,16.2,10.14155293,1109.11,1.591841259
7/9/2004,15.78,8.587560055,1112.81,1.589194754
7/12/2004,14.96,8.582467664,1114.35,1.636284295
7/13/2004,14.46,8.094586966,1115.14,1.802406398
7/14/2004,13.76,7.945408369,1111.47,1.722052072
7/15/2004,14.71,8.013897809,1106.69,1.712063545
7/16/2004,14.34,7.559260517,1101.39,1.765229095
7/19/2004,15.17,7.194682205,1100.9,1.801072507
7/20/2004,14.17,7.640704851,1108.67,1.789303416
7/21/2004,16.41,8.649592323,1093.88,1.463568215
7/22/2004,15.75,8.653897686,1096.84,1.465636219
7/23/2004,16.5,9.029412874,1086.2,1.481578731
7/26/2004,17.3,8.84922074,1084.07,1.562455238
7/27/2004,16.55,9.043723961,1094.83,1.576421697
7/28/2004,16.15,9.066193363,1095.42,1.56489125
7/29/2004,15.68,9.190450446,1100.43,1.470762961
7/30/2004,15.32,9.224139885,1101.72,1.60606407
8/2/2004,15.37,9.330479472,1106.62,1.614686121
8/3/2004,16.03,9.304823306,1099.69,1.607634871
8/4/2004,16.21,8.796716625,1098.63,1.785264702
8/5/2004,18.32,10.086772,1080.7,1.451542634
8/6/2004,19.34,11.02190833,1063.97,1.330816161
8/9/2004,18.89,10.8928031,1065.22,1.336032903
8/10/2004,17.47,11.87740856,1079.04,1.194376561
8/11/2004,18.04,11.66675255,1075.79,1.18516781
8/12/2004,19.08,12.03364042,1063.23,1.085170455
8/13/2004,17.98,12.03645853,1064.8,1.195224497
8/16/2004,17.57,13.04133199,1079.34,1.096894104
8/17/2004,17.02,13.07230083,1081.71,1.194104703
8/18/2004,16.23,13.73981672,1095.17,1.069930114
8/19/2004,16.96,13.7030634,1091.23,1.270391819
8/20/2004,16,13.88486972,1098.35,1.232281989
8/23/2004,15.88,13.68864951,1095.68,1.327622973
8/24/2004,15.33,12.96868871,1096.19,1.435566848
8/25/2004,14.98,13.19854763,1104.96,1.368255468
8/26/2004,14.91,12.75085646,1105.09,1.377128449
8/27/2004,14.71,12.72762733,1107.77,1.37428825
8/30/2004,15.44,12.64887729,1099.15,1.335301663
8/31/2004,15.29,12.73129635,1104.24,1.363789887
9/1/2004,14.91,12.65798653,1105.91,1.46489894
9/2/2004,14.28,13.15359662,1118.31,1.412001812
9/3/2004,13.91,13.17862493,1113.63,1.628422847
9/6/2004,13.91,12.98985389,1113.63,1.773104209
9/7/2004,14.07,13.13919687,1121.3,1.730979466
9/8/2004,14.06,11.93200064,1116.27,1.628911329
9/9/2004,14.01,10.46426276,1118.38,1.730541566
9/10/2004,13.76,10.49962394,1123.92,1.85405345
9/13/2004,13.17,9.846783268,1125.82,1.798117064
9/14/2004,13.56,9.710786755,1128.33,1.805037093
9/15/2004,14.64,9.085721894,1120.37,1.730995223
9/16/2004,14.39,9.084255136,1123.5,1.691438194
9/17/2004,14.03,8.263233551,1128.55,1.791343922
9/20/2004,14.43,8.615178263,1122.2,1.695007016
9/21/2004,13.66,7.963487414,1129.3,1.674995789
9/22/2004,14.74,9.272923343,1113.56,1.434455837
9/23/2004,14.8,9.232659468,1108.36,1.423794972
9/24/2004,14.28,9.189043187,1110.11,1.458998451
9/27/2004,14.62,9.430211363,1103.52,1.445491319
9/28/2004,13.83,9.265101517,1110.06,1.52341467
9/29/2004,13.21,9.358999493,1114.8,1.534015053
9/30/2004,13.34,9.334503276,1114.58,1.542843936
10/1/2004,12.75,10.10693934,1131.5,1.28733423
10/4/2004,13.41,10.06519084,1135.17,1.284474053
10/5/2004,13.95,10.08092649,1134.48,1.324494281
10/6/2004,13.28,9.67560683,1142.05,1.338549217
10/7/2004,14.5,10.18409717,1130.65,1.288310422
10/8/2004,15.05,10.52722999,1122.14,1.275608728
10/11/2004,14.71,10.30849065,1124.39,1.288721374
10/12/2004,15.05,10.22326991,1121.84,1.267575087
10/13/2004,15.42,10.49288837,1113.65,1.295087859
10/14/2004,16.43,10.74910574,1103.29,1.357588332
10/15/2004,15.04,10.85568813,1108.2,1.35764547
10/18/2004,14.71,10.98799603,1114.02,1.338785586
10/19/2004,15.13,11.19331075,1103.23,1.33072109
10/20/2004,14.85,11.13935741,1103.66,1.299157554
10/21/2004,14.54,11.05664179,1106.49,1.438973322
10/22/2004,15.28,11.33147402,1095.74,1.391814797
10/25/2004,16.58,11.05728716,1094.81,1.384391622
10/26/2004,16.39,11.38028819,1111.09,1.263697795
10/27/2004,15.72,12.01360119,1125.4,1.124743637
10/28/2004,15.39,12.01581875,1127.44,1.106123182
10/29/2004,16.27,11.81362852,1130.2,1.148186807
11/1/2004,16.27,11.69655724,1130.51,1.131835425
11/2/2004,16.18,11.63808187,1130.54,1.227828622
11/3/2004,14.04,12.13272365,1143.2,1.217363534
11/4/2004,13.97,12.26189814,1161.67,1.038985774
11/5/2004,13.84,12.27568246,1166.17,1.16143054
11/8/2004,13.8,12.28449966,1164.89,1.242581245
11/9/2004,13.61,12.15003195,1164.08,1.252335178
11/10/2004,13.08,11.60497546,1162.91,1.32075374
11/11/2004,13.04,11.48322137,1173.48,1.328641522
11/12/2004,13.33,11.72211303,1184.17,1.392019972
11/15/2004,13.38,11.65667105,1183.81,1.314220888
11/16/2004,13.21,11.63670362,1175.43,1.286323954
11/17/2004,13.21,10.98664414,1181.94,1.339296955
11/18/2004,12.98,10.98431696,1183.55,1.354213739
11/19/2004,13.5,11.84211378,1170.34,1.265097438
11/22/2004,12.97,11.19683111,1177.24,1.342802248
11/23/2004,12.67,11.21374335,1176.94,1.502766758
11/24/2004,12.72,11.22270414,1181.76,1.515325787
11/25/2004,12.72,10.44422419,1181.76,1.499048469
11/26/2004,12.78,10.38871875,1182.65,1.513058124
11/29/2004,13.3,9.815551381,1178.57,1.634602982
11/30/2004,13.24,9.366157272,1173.82,1.663908583
12/1/2004,12.97,10.30441114,1191.37,1.452553826
12/2/2004,12.98,10.35658637,1190.33,1.299391248
12/3/2004,12.96,10.34872667,1191.17,1.333075052
12/6/2004,13.19,10.37058388,1190.25,1.361565254
12/7/2004,13.67,10.75409473,1177.07,1.281940111
12/8/2004,13.19,9.584255235,1182.81,1.282768835
12/9/2004,12.88,9.653653432,1189.24,1.245225748
12/10/2004,12.76,9.652451412,1188,1.279399074
12/13/2004,12.54,9.992348399,1198.68,1.2708795
12/14/2004,12.73,9.998654919,1203.38,1.301015765
12/15/2004,12.35,9.658496116,1205.72,1.321007963
12/16/2004,12.27,9.318546955,1203.21,1.357735495
12/17/2004,11.95,9.688122924,1194.22,1.314376773
12/20/2004,11.83,9.350501232,1194.65,1.409834206
12/21/2004,11.55,9.617576637,1205.45,1.305548463
12/22/2004,11.45,9.653264587,1209.57,1.302933306
12/23/2004,11.23,8.740236621,1210.13,1.348927639
12/24/2004,11.23,8.615019009,1210.13,1.391312627
12/27/2004,12.14,8.788339069,1204.92,1.416461251
12/28/2004,12,8.962831596,1213.54,1.44812299
12/29/2004,11.62,8.963892878,1213.45,1.486878772
12/30/2004,12.56,8.96958642,1213.55,1.502313597
12/31/2004,13.29,8.877168566,1211.92,1.547667171
1/3/2005,14.08,9.235969421,1202.08,1.484615888
1/4/2005,13.98,8.848576714,1188.05,1.371620306
1/5/2005,14.09,8.92047561,1183.74,1.449509017
1/6/2005,13.58,8.998913807,1187.89,1.42660274
1/7/2005,13.49,9.0069319,1186.19,1.434052475
1/10/2005,13.23,8.262374865,1190.25,1.448314199
1/11/2005,13.19,8.388048007,1182.99,1.41394685
1/12/2005,12.56,8.296801617,1187.7,1.456770933
1/13/2005,12.84,8.754361498,1177.45,1.354161151
1/14/2005,12.43,8.449747329,1184.52,1.341157102
1/17/2005,12.43,8.318893544,1184.52,1.3472217
1/18/2005,12.47,8.943815398,1195.98,1.259086837
1/19/2005,13.18,9.418738955,1184.63,1.174166444
1/20/2005,13.83,9.444319021,1175.41,1.14371817
1/21/2005,14.36,9.620954125,1167.87,1.120165732
1/24/2005,14.65,9.031555021,1163.75,1.143892891
1/25/2005,14.06,9.068552072,1168.41,1.258515332
1/26/2005,13.44,9.2797228,1174.07,1.257540247
1/27/2005,13.24,9.286750866,1174.55,1.255792777
1/28/2005,13.24,9.242675928,1171.36,1.390316792
1/31/2005,12.82,9.381712956,1181.27,1.419415122
2/1/2005,12.03,9.734691008,1189.41,1.486881425
2/2/2005,11.66,9.818289228,1193.19,1.508940227
2/3/2005,11.79,9.839761726,1189.89,1.557345414
2/4/2005,11.21,10.22278424,1203.03,1.388877234
2/7/2005,11.73,9.428317823,1201.72,1.421589441
2/8/2005,11.6,9.323733873,1202.3,1.437694944
2/9/2005,12,9.738000272,1191.99,1.383821289
2/10/2005,11.51,9.809127669,1197.01,1.338037423
2/11/2005,11.43,9.993658959,1205.3,1.352214312
2/14/2005,11.52,9.735056511,1206.14,1.349576162
2/15/2005,11.27,9.713068372,1210.12,1.377664609
2/16/2005,11.1,9.174608262,1210.34,1.425478103
2/17/2005,11.77,9.478211647,1200.75,1.459584841
2/18/2005,11.18,9.476174997,1201.59,1.578920132
2/21/2005,11.18,8.961217532,1201.59,1.690941158
2/22/2005,13.14,9.683212171,1184.16,1.465101809
2/23/2005,12.39,9.471168082,1190.8,1.414529726
2/24/2005,11.57,9.451448554,1200.2,1.32813302
2/25/2005,11.49,9.66977163,1211.37,1.265195761
2/28/2005,12.08,9.984538556,1203.6,1.266792711
3/1/2005,12.04,10.02042521,1210.41,1.23601279
3/2/2005,12.5,10.02952581,1210.08,1.196223201
3/3/2005,12.93,9.94447796,1210.47,1.195762474
3/4/2005,11.94,10.04301613,1222.12,1.158608046
3/7/2005,12.26,9.880884063,1225.31,1.130189534
3/8/2005,12.4,10.04971106,1219.43,1.197182318
3/9/2005,12.7,10.62631621,1207.01,1.126094294
3/10/2005,12.49,10.03226537,1209.25,1.198367281
3/11/2005,12.8,10.34564507,1200.08,1.133813533
3/14/2005,12.39,10.50874948,1206.83,1.133341494
3/15/2005,13.15,10.41684734,1197.75,1.128165178
3/16/2005,13.49,10.66259706,1188.07,1.084420281
3/17/2005,13.29,10.40582094,1190.21,1.098939129
3/18/2005,13.14,10.397833,1189.65,1.20167359
3/21/2005,13.61,10.40596104,1183.78,1.153715108
3/22/2005,14.27,10.82805502,1171.71,1.09536091
3/23/2005,14.06,10.60836981,1172.53,1.327335693
3/24/2005,13.42,10.59321849,1171.42,1.289940909
3/25/2005,13.42,10.59321849,1171.42,1.242418593
3/28/2005,13.75,9.597998907,1174.28,1.265536871
3/29/2005,14.49,9.656934524,1165.36,1.300252617
3/30/2005,13.64,10.40998653,1181.41,1.147154643
3/31/2005,14.02,9.845997872,1180.59,1.227967995
4/1/2005,14.09,9.851014831,1172.92,1.268738248
4/4/2005,14.11,9.674298767,1176.12,1.201422077
4/5/2005,13.68,9.846233026,1181.39,1.251841282
4/6/2005,13.15,9.895111343,1184.07,1.300254723
4/7/2005,12.33,9.529194512,1191.14,1.33172742
4/8/2005,12.62,9.729362096,1181.2,1.273810047
4/11/2005,11.98,9.675162736,1181.21,1.346443854
4/12/2005,11.3,9.43065536,1187.76,1.308522953
4/13/2005,13.31,10.05308246,1173.79,1.280615017
4/14/2005,14.53,10.25174829,1162.05,1.261127124
4/15/2005,17.74,11.1236075,1142.62,1.083930165
4/18/2005,16.56,11.09672099,1145.98,1.100231768
4/19/2005,14.96,11.15957573,1152.78,1.15246796
4/20/2005,16.92,11.76837303,1137.5,1.135346232
4/21/2005,14.41,13.71500857,1159.95,0.974665195
4/22/2005,15.38,13.78510437,1152.12,0.942875012
4/25/2005,14.62,13.77499935,1162.1,0.944448393
4/26/2005,14.91,14.05080768,1151.74,0.967563785
4/27/2005,14.87,14.13478282,1156.38,1.044862776
4/28/2005,16.86,14.57014485,1143.22,0.963065553
4/29/2005,15.31,15.13347875,1156.85,0.966767396
5/2/2005,15.12,15.02802891,1162.16,0.994051331
5/3/2005,14.53,14.27130131,1161.17,1.026439327
5/4/2005,13.85,14.90121358,1175.65,0.963901671
5/5/2005,13.98,14.76965626,1172.63,0.953133301
5/6/2005,14.05,14.74476885,1171.35,0.921310263
5/9/2005,13.75,14.82406667,1178.84,0.955027834
5/10/2005,14.91,15.19772909,1166.22,0.888811076
5/11/2005,14.45,15.12351062,1171.11,0.857972547
5/12/2005,16.12,15.22823173,1159.36,0.996344985
5/13/2005,16.32,15.27681141,1154.05,1.111265864
5/16/2005,15.68,15.5591421,1165.69,1.336187202
5/17/2005,14.57,15.28238206,1173.8,1.258679554
5/18/2005,13.63,15.21646681,1185.56,1.121082536
5/19/2005,13.32,14.02403426,1191.08,1.295035298
5/20/2005,13.14,14.05783934,1189.28,1.136341698
5/23/2005,12.95,14.00266874,1193.86,1.241657877
5/24/2005,12.69,13.08847226,1194.07,1.217368138
5/25/2005,12.58,11.72523775,1190.01,1.272253086
5/26/2005,12.24,11.53172973,1197.62,1.278103587
5/27/2005,12.15,11.28230082,1198.78,1.493839368
5/30/2005,12.15,10.7472441,1198.78,1.399128471
5/31/2005,13.29,11.00495222,1191.5,1.390747826
6/1/2005,12.36,10.39862921,1202.27,1.306910572
6/2/2005,11.84,9.849730569,1204.29,1.282508959
6/3/2005,12.15,10.17876749,1196.02,1.293339949
6/6/2005,12.28,10.15443866,1197.51,1.339210782
6/7/2005,12.39,9.423410606,1197.26,1.351753147
6/8/2005,12.7,9.408367883,1194.67,1.50631465
6/9/2005,12.08,9.493744479,1200.93,1.47250374
6/10/2005,11.96,9.375743845,1198.11,1.68645706
6/13/2005,11.65,8.543880554,1200.82,1.753057943
6/14/2005,11.79,8.49784573,1203.91,1.726531401
6/15/2005,11.46,7.598647125,1206.58,1.646745591
6/16/2005,11.15,7.315242463,1210.96,1.567578628
6/17/2005,11.48,6.865115682,1216.96,1.5398904
6/20/2005,11.47,6.679290655,1216.1,1.565962111
6/21/2005,11.08,6.103167467,1213.61,1.584153842
6/22/2005,11.05,5.977043473,1213.88,1.601028655
6/23/2005,12.13,7.05188167,1200.73,1.433533446
6/24/2005,12.18,7.414075239,1191.57,1.357544536
6/27/2005,12.52,7.416708503,1190.69,1.389146398
6/28/2005,11.58,7.909251914,1201.57,1.320309671
6/29/2005,11.77,7.660684454,1199.85,1.486644213
6/30/2005,12.04,8.001877278,1191.33,1.358028029
7/1/2005,11.4,8.055897726,1194.44,1.33287554
7/4/2005,11.4,7.79906198,1194.44,1.41075061
7/5/2005,11.68,7.773117789,1204.99,1.358920489
7/6/2005,12.27,8.221386555,1194.94,1.32528083
7/7/2005,12.49,7.954431909,1197.87,1.393344919
7/8/2005,11.45,8.805918539,1211.86,1.214310509
7/11/2005,11.28,8.997306092,1219.44,1.201956141
7/12/2005,10.95,8.952459308,1222.21,1.202500553
7/13/2005,10.84,8.833660672,1223.29,1.254340387
7/14/2005,10.81,8.786778386,1226.5,1.249640036
7/15/2005,10.33,8.776434397,1227.92,1.252416143
7/18/2005,10.77,9.004220238,1221.13,1.290112039
7/19/2005,10.45,9.211550499,1229.35,1.271587822
7/20/2005,10.23,9.257287025,1235.2,1.239191643
7/21/2005,10.97,9.452822598,1227.04,1.221553967
7/22/2005,10.52,9.58566974,1233.68,1.344477288
7/25/2005,11.1,9.654876819,1229.03,1.373071592
7/26/2005,10.99,9.661857573,1231.16,1.451247117
7/27/2005,10.36,8.915717831,1236.79,1.353852526
7/28/2005,10.52,8.48801578,1243.72,1.372189143
7/29/2005,11.57,9.002991572,1234.18,1.361850346
8/1/2005,12.08,8.621523049,1235.35,1.328733294
8/2/2005,11.75,8.783058296,1244.12,1.29996153
8/3/2005,11.83,8.28713977,1245.04,1.372945804
8/4/2005,12.52,8.808404013,1235.86,1.404246688
8/5/2005,12.48,9.285437071,1226.42,1.390400475
8/8/2005,13.21,8.97825964,1223.13,1.305237933
8/9/2005,12.4,8.646146846,1231.38,1.266715915
8/10/2005,12.38,8.693478171,1229.13,1.263971472
8/11/2005,12.42,8.185268085,1237.81,1.225992764
8/12/2005,12.74,8.26951902,1230.39,1.216336702
8/15/2005,12.26,8.285576313,1233.87,1.189087995
8/16/2005,13.52,9.183980048,1219.34,1.121884028
8/17/2005,13.3,9.142008858,1220.24,1.122214273
8/18/2005,13.42,9.133595519,1219.02,1.132046181
8/19/2005,13.42,8.960175904,1219.71,1.251677913
8/22/2005,13.42,8.683806353,1221.73,1.234466672
8/23/2005,13.34,8.569262864,1217.57,1.326331614
8/24/2005,14.17,8.56521384,1209.59,1.291519876
8/25/2005,13.73,8.382806199,1212.4,1.24819031
8/26/2005,13.72,8.505119917,1205.1,1.254661804
8/29/2005,13.52,8.752810945,1212.28,1.368137607
8/30/2005,13.65,8.605870204,1208.41,1.456533484
8/31/2005,12.6,9.065562337,1220.33,1.317441284
9/1/2005,13.15,8.770726714,1221.59,1.366598843
9/2/2005,13.57,8.794857999,1218.02,1.478105279
9/5/2005,13.57,8.403900672,1218.02,1.519678424
9/6/2005,12.93,9.479364012,1233.39,1.410132809
9/7/2005,12.52,9.211116113,1236.36,1.357976071
9/8/2005,12.93,8.937286792,1231.67,1.379149882
9/9/2005,11.98,9.226658302,1241.48,1.343588988
9/12/2005,11.65,8.996999849,1240.56,1.420768483
9/13/2005,12.39,9.335306626,1231.2,1.335356039
9/14/2005,12.91,9.083870887,1227.16,1.503318087
9/15/2005,12.49,8.880166614,1227.73,1.524992287
9/16/2005,11.22,9.24913187,1237.91,1.481833099
9/19/2005,12.14,8.55678343,1231.02,1.483473977
9/20/2005,12.64,8.969710346,1221.34,1.443875518
9/21/2005,13.79,9.452976207,1210.2,1.376413306
9/22/2005,13.33,9.536965301,1214.62,1.490860089
9/23/2005,12.96,9.520463465,1215.29,1.48954845
9/26/2005,13.04,9.458634419,1215.63,1.535117857
9/27/2005,12.76,9.196514865,1215.66,1.560271255
9/28/2005,12.63,9.173241928,1216.89,1.622971081
9/29/2005,12.24,9.341363582,1227.68,1.421924506
9/30/2005,11.92,9.175225194,1228.81,1.529279303
10/3/2005,12.46,9.120412208,1226.7,1.622453017
10/4/2005,13.2,9.187992637,1214.47,1.50810327
10/5/2005,14.55,10.34649679,1196.39,1.232736833
10/6/2005,14.96,10.37959089,1191.49,1.21615529
10/7/2005,14.59,10.48463385,1195.9,1.28202972
10/10/2005,15.55,9.638477582,1187.33,1.177725027
10/11/2005,15.63,9.543790534,1184.87,1.177301574
10/12/2005,16.22,9.62614007,1177.68,1.253629072
10/13/2005,16.47,9.043270312,1176.84,1.346716117
10/14/2005,14.87,9.66119672,1186.57,1.269202785
10/17/2005,14.67,9.580035486,1190.1,1.167323379
10/18/2005,15.33,9.97362503,1178.14,1.200308425
10/19/2005,13.5,11.34332897,1195.76,1.106988811
10/20/2005,16.11,11.74712202,1177.8,1.100309819
10/21/2005,16.13,11.73877692,1179.59,1.095715564
10/24/2005,14.74,12.99654409,1199.38,0.960169712
10/25/2005,14.53,12.69572561,1196.54,0.993966245
10/26/2005,14.59,12.67634304,1191.38,0.994477531
10/27/2005,16.02,13.052449,1178.9,0.96431356
10/28/2005,14.25,14.28115496,1198.41,0.858755963
10/31/2005,15.32,14.50194016,1207.01,0.845319994
11/1/2005,14.85,14.53317132,1202.76,0.906789226
11/2/2005,13.48,14.61632007,1214.76,0.950869955
11/3/2005,13,14.69027887,1219.94,1.072844178
11/4/2005,13.17,14.68240549,1220.14,1.137722003
11/7/2005,13.1,14.31412254,1222.81,1.141876794
11/8/2005,13.08,13.42452815,1218.59,1.247863826
11/9/2005,12.8,13.32267857,1220.65,1.291761629
11/10/2005,11.9,13.51609554,1230.96,1.330872905
11/11/2005,11.63,13.21874722,1234.72,1.386776759
11/14/2005,12.18,13.18487062,1233.76,1.290947474
11/15/2005,12.23,13.05885045,1229.01,1.301819281
11/16/2005,12.26,13.03066121,1231.21,1.400260334
11/17/2005,11.25,13.09775734,1242.8,1.201606087
11/18/2005,11.12,13.1182098,1248.27,1.460838712
11/21/2005,10.82,12.49060606,1254.85,1.481317888
11/22/2005,10.6,11.80918818,1261.23,1.372067499
11/23/2005,10.96,10.245879,1265.61,1.383302874
11/24/2005,10.96,10.28246491,1265.61,1.432659652
11/25/2005,10.88,9.145519297,1268.25,1.616994337
11/28/2005,11.84,9.6985584,1257.46,1.401787414
11/29/2005,11.89,9.482024462,1257.48,1.554397339
11/30/2005,12.06,8.948877056,1249.48,1.503893537
12/1/2005,11.24,8.269898665,1264.67,1.261050259
12/2/2005,11.01,8.118291804,1265.08,1.254265341
12/5/2005,11.6,8.039837864,1262.09,1.305081924
12/6/2005,11.52,7.571772347,1263.7,1.337196724
12/7/2005,12.18,7.817240491,1257.37,1.348710494
12/8/2005,12.21,7.851808793,1255.84,1.359569256
12/9/2005,11.69,7.862989258,1259.37,1.294334485
12/12/2005,11.47,7.701908247,1260.43,1.303825064
12/13/2005,11.11,7.819071385,1267.43,1.365956102
12/14/2005,10.48,7.522086966,1272.74,1.389908857
12/15/2005,10.73,7.554233227,1270.94,1.434086194
12/16/2005,10.68,7.644440714,1267.32,1.345194474
12/19/2005,11.38,7.813721099,1259.92,1.320058784
12/20/2005,11.19,7.820300796,1259.62,1.324718437
12/21/2005,10.81,7.299783399,1262.79,1.328337629
12/22/2005,10.29,7.289796204,1268.12,1.385414121
12/23/2005,10.27,7.119644457,1268.66,1.428608737
12/26/2005,10.27,6.944706476,1268.66,1.462741948
12/27/2005,11.57,7.54717626,1256.54,1.457740182
12/28/2005,11.35,7.56450745,1258.17,1.506768913
12/29/2005,11.61,7.572437544,1254.42,1.558344596
12/30/2005,12.07,7.229239002,1248.29,1.451658899
1/2/2006,12.07,7.229164996,1248.29,1.466633706
1/3/2006,11.14,8.763496639,1268.8,1.194686332
1/4/2006,11.37,7.925037777,1273.46,1.209721554
1/5/2006,11.31,7.925573002,1273.48,1.319216896
1/6/2006,11,8.402467124,1285.45,1.26173987
1/9/2006,11.13,8.453786436,1290.15,1.231733883
1/10/2006,10.86,8.227645435,1289.69,1.246384359
1/11/2006,10.94,8.225348046,1294.18,1.23094395
1/12/2006,11.2,8.562414131,1286.06,1.153134563
1/13/2006,11.23,8.563016427,1287.61,1.216000661
1/16/2006,11.23,8.418747729,1287.61,1.248364514
1/17/2006,11.91,8.442537321,1282.93,1.352262453
1/18/2006,12.25,8.53818105,1277.93,1.348136428
1/19/2006,11.98,8.640274027,1285.04,1.296699479
1/20/2006,14.56,10.44178471,1261.49,0.952477288
1/23/2006,13.93,10.45701916,1263.82,0.978171769
1/24/2006,13.31,10.45430173,1266.86,1.004624827
1/25/2006,12.87,10.37719727,1264.68,1.164672232
1/26/2006,12.42,10.64874463,1273.83,1.130629932
1/27/2006,11.97,10.93032368,1283.72,1.138723449
1/30/2006,12.39,10.38027522,1285.2,1.219769937
1/31/2006,12.95,10.50328207,1280.08,1.241822547
2/1/2006,12.36,10.43142136,1282.46,1.178647834
2/2/2006,13.23,10.77313183,1270.84,1.157244175
2/3/2006,12.96,10.95554814,1264.03,1.159567467
2/6/2006,13.04,9.53524529,1265.02,1.162610919
2/7/2006,13.59,9.786254698,1254.78,1.146914468
2/8/2006,12.83,10.24163878,1265.65,1.085973171
2/9/2006,13.12,9.706667343,1263.78,1.126347772
2/10/2006,12.87,9.657943063,1266.99,1.182784236
2/13/2006,13.35,9.691570014,1262.86,1.211587629
2/14/2006,12.25,10.23671867,1275.53,1.145220882
2/15/2006,12.31,10.12985451,1280,1.239908173
2/16/2006,11.48,10.41510761,1289.38,1.257174793
2/17/2006,12.01,10.4305196,1287.24,1.265113408
2/20/2006,12.01,10.35679382,1287.24,1.585879147
2/21/2006,12.41,10.33155549,1283.03,1.549017806
2/22/2006,11.88,10.46278755,1292.67,1.446608192
2/23/2006,11.87,8.483718604,1287.79,1.423368652
2/24/2006,11.46,8.478481091,1289.43,1.414479075
2/27/2006,11.59,8.512978783,1294.12,1.386830819
2/28/2006,12.34,9.247834852,1280.66,1.331573871
3/1/2006,11.54,9.335853,1291.24,1.351406135
3/2/2006,11.72,9.03178057,1289.14,1.327256857
3/3/2006,11.96,9.041488982,1287.23,1.462310517
3/6/2006,12.74,9.24041241,1278.26,1.410927518
3/7/2006,12.66,9.235078158,1275.88,1.4593719
3/8/2006,12.32,8.749911449,1278.47,1.562166533
3/9/2006,12.68,8.717195146,1272.23,1.483613169
3/10/2006,11.85,9.016513833,1281.58,1.4802305
3/13/2006,11.37,8.529697022,1284.13,1.491544653
3/14/2006,10.74,8.719442479,1297.48,1.435214971
3/15/2006,11.35,8.735993235,1303.02,1.335627244
3/16/2006,11.98,8.727389797,1305.33,1.380151642
3/17/2006,12.12,8.591099214,1307.25,1.324608777
3/20/2006,11.79,8.129689845,1305.08,1.425056424
3/21/2006,11.62,8.388345388,1297.23,1.412446343
3/22/2006,11.21,8.281706004,1305.04,1.447449726
3/23/2006,11.17,8.313975316,1301.67,1.418735512
3/24/2006,11.19,8.313891571,1302.95,1.460444018
3/27/2006,11.46,8.232320634,1301.61,1.452411642
3/28/2006,11.58,8.191572369,1293.23,1.439072493
3/29/2006,10.95,8.4289565,1302.89,1.480116118
3/30/2006,11.57,8.463902738,1300.25,1.420838662
3/31/2006,11.39,8.511280357,1294.83,1.45742723
4/3/2006,11.57,7.758052548,1297.81,1.523879696
4/4/2006,11.14,7.562641447,1305.93,1.593861058
4/5/2006,11.13,7.62647889,1311.56,1.596266077
4/6/2006,11.45,7.641946792,1309.04,1.594607627
4/7/2006,12.26,8.084360559,1295.5,1.489404138
4/10/2006,12.19,8.042106967,1296.6,1.434486409
4/11/2006,13,8.478958768,1286.57,1.328015567
4/12/2006,12.76,8.298674802,1288.12,1.291767457
4/13/2006,12.38,7.969929819,1289.12,1.407032272
4/14/2006,12.38,7.948312784,1289.12,1.531796555
4/17/2006,12.58,7.200183334,1285.33,1.580319746
4/18/2006,11.4,9.14175119,1307.65,1.170678611
4/19/2006,11.32,9.141185841,1309.93,1.187160052
4/20/2006,11.64,9.136910487,1311.46,1.179891664
4/21/2006,11.59,9.116934296,1311.28,1.212602308
4/24/2006,11.75,8.917705142,1308.11,1.245978678
4/25/2006,11.75,8.858018136,1301.74,1.285733329
4/26/2006,11.76,8.864558093,1305.41,1.329239453
4/27/2006,11.84,8.921205403,1309.72,1.281524008
4/28/2006,11.59,8.911842003,1310.61,1.395913891
5/1/2006,12.54,8.748872346,1305.19,1.38950439
5/2/2006,11.99,8.640118452,1313.21,1.393482331
5/3/2006,11.99,8.728125429,1307.85,1.357412794
5/4/2006,11.86,8.649682053,1312.25,1.380060473
5/5/2006,11.62,9.201839794,1325.76,1.301838819
5/8/2006,12,9.033198124,1324.66,1.436692952
5/9/2006,11.99,8.94503645,1325.14,1.473158751
5/10/2006,11.78,8.939590105,1322.85,1.614690046
5/11/2006,12.49,9.296911721,1305.92,1.376019107
5/12/2006,14.19,10.03123046,1291.24,1.236980355
5/15/2006,13.57,9.724261902,1294.5,1.269291197
5/16/2006,13.35,9.743244006,1292.08,1.326364083
5/17/2006,16.26,11.20019562,1270.32,1.007809017
5/18/2006,16.99,11.3727172,1261.81,1.003922901
5/19/2006,17.18,11.46332111,1267.03,1.053263064
5/22/2006,17.72,9.740651006,1262.07,1.070812052
5/23/2006,18.26,9.721001948,1256.58,1.105270484
5/24/2006,17.36,9.735593948,1258.57,1.137946167
5/25/2006,15.5,10.62205906,1272.88,1.07353238
5/26/2006,14.26,10.84875989,1280.16,1.090859663
5/29/2006,14.26,10.76588674,1280.16,1.101378742
5/30/2006,18.66,11.77061666,1259.84,1.049963661
5/31/2006,16.44,12.08832559,1270.09,0.998435961
6/1/2006,14.52,12.86261833,1285.71,0.951769191
6/2/2006,14.32,12.83894648,1288.22,0.969139017
6/5/2006,16.65,13.79859659,1265.29,0.844672091
6/6/2006,17.34,13.77114889,1263.85,0.899202645
6/7/2006,17.8,13.75423285,1256.15,0.911354379
6/8/2006,18.35,13.18239619,1257.93,0.922656033
6/9/2006,18.12,13.1953793,1252.3,0.9990626
6/12/2006,20.96,13.58358514,1236.4,1.083301719
6/13/2006,23.81,13.78979149,1223.69,1.018680258
6/14/2006,21.46,13.64824494,1230.04,1.0211209
6/15/2006,15.9,15.33208677,1256.16,1.072940016
6/16/2006,17.25,15.30266083,1251.54,1.150833649
6/19/2006,17.83,15.50985374,1240.14,1.16472665
6/20/2006,16.69,14.62896771,1240.12,1.239083579
6/21/2006,15.52,14.89325079,1252.2,1.269887136
6/22/2006,15.88,14.8998377,1245.6,1.231834864
6/23/2006,15.89,14.85933147,1244.5,1.134048944
6/26/2006,15.62,14.90124378,1250.56,1.065161017
6/27/2006,16.4,15.16632532,1239.2,1.059643089
6/28/2006,15.79,14.76741948,1246,1.411202112
6/29/2006,13.03,16.36549423,1272.87,1.071279839
6/30/2006,13.08,16.37710566,1270.2,0.974416119
7/3/2006,13.05,15.68371122,1280.19,0.969454918
7/4/2006,13.05,15.47973397,1280.19,1.162612295
7/5/2006,14.15,15.11751289,1270.91,1.223585124
7/6/2006,13.65,15.12804957,1274.08,1.292257363
7/7/2006,13.97,14.11523577,1265.48,1.347954817
7/10/2006,14.02,14.11662951,1267.34,1.371582419
7/11/2006,13.14,14.00692531,1272.52,1.623805554
7/12/2006,14.49,14.49522969,1258.6,1.800246253
7/13/2006,17.79,15.04302299,1242.29,1.556363422
7/14/2006,18.05,14.53644644,1236.2,1.177313936
7/17/2006,18.64,14.11998478,1234.49,1.316284793
7/18/2006,17.74,14.03710146,1236.86,1.400847931
7/19/2006,15.55,13.61406812,1259.81,1.1657986
7/20/2006,16.21,13.85172222,1249.13,1.087533145
7/21/2006,17.4,13.71951108,1240.29,1.125421022
7/24/2006,14.98,14.74588011,1260.91,1.049028028
7/25/2006,14.85,14.55516425,1268.88,1.048845214
7/26/2006,14.62,14.42348097,1268.4,1.135762406
7/27/2006,14.94,14.50286007,1263.2,1.120550225
7/28/2006,14.33,14.92525336,1278.55,0.900780198
7/31/2006,14.95,14.55895291,1276.66,0.931857352
8/1/2006,15.05,14.60280319,1270.92,0.951024782
8/2/2006,14.34,12.94392352,1278.55,0.965974726
8/3/2006,14.46,12.92430355,1280.27,1.07943769
8/4/2006,14.34,12.67206113,1279.36,1.073756911
8/7/2006,15.23,12.70510352,1275.77,1.128990936
8/8/2006,15.23,12.52500828,1271.48,1.161671909
8/9/2006,15.2,12.57536674,1265.95,1.111283009
8/10/2006,14.46,12.46852429,1271.81,1.248485427
8/11/2006,14.3,12.53537937,1266.74,1.566018192
8/14/2006,14.26,12.46593599,1268.21,1.637440859
8/15/2006,13.42,12.67836556,1285.58,1.559168919
8/16/2006,12.41,11.93677467,1295.43,1.481781948
8/17/2006,12.24,11.7198789,1297.48,1.337767052
8/18/2006,11.64,11.67232567,1302.3,1.426556049
8/21/2006,12.22,11.83132884,1297.52,1.566153572
8/22/2006,12.19,10.41015588,1298.82,1.389778965
8/23/2006,12.4,10.07081361,1292.99,1.401366931
8/24/2006,12.4,9.644979258,1296.06,1.417234295
8/25/2006,12.31,8.257303793,1295.09,1.493120965
8/28/2006,12.18,8.185027687,1301.78,1.446122525
8/29/2006,12.28,8.173919836,1304.28,1.551360357
8/30/2006,12.22,7.987844184,1304.27,1.610809
8/31/2006,12.31,7.10322067,1303.82,1.582867565
9/1/2006,11.96,7.21661451,1311.01,1.598761637
9/4/2006,11.96,6.973641023,1311.01,1.6353121
9/5/2006,12.63,6.790873833,1313.25,1.785869628
9/6/2006,13.74,7.68002726,1300.26,1.668357522
9/7/2006,13.88,7.873908394,1294.02,1.680019095
9/8/2006,13.16,7.861501484,1298.92,1.625438305
9/11/2006,12.99,7.736831228,1299.54,1.65757268
9/12/2006,11.92,8.112854398,1313.11,1.531972619
9/13/2006,11.18,8.081563694,1318.07,1.46749438
9/14/2006,11.55,7.927605556,1316.28,1.397184373
9/15/2006,11.76,7.934171762,1319.87,1.410562104
9/18/2006,11.78,6.799989217,1321.18,1.382095132
9/19/2006,11.98,6.504605764,1318.31,1.488515873
9/20/2006,11.39,6.662484061,1325.18,1.483637949
9/21/2006,12.25,6.891915809,1318.03,1.504705715
9/22/2006,12.59,6.821746268,1314.78,1.540799261
9/25/2006,12.12,7.334093479,1326.37,1.443053491
9/26/2006,11.53,7.40253271,1336.34,1.387604048
9/27/2006,11.58,7.404465431,1336.59,1.442901404
9/28/2006,11.72,7.373842422,1339.15,1.474900774
9/29/2006,11.98,7.361841346,1335.85,1.521533196
10/2/2006,12.57,7.497528712,1331.32,1.50337876
10/3/2006,12.24,7.501703748,1334.11,1.541933272
10/4/2006,11.86,8.312050759,1350.22,1.422215902
10/5/2006,11.98,8.203041903,1353.22,1.587755843
10/6/2006,11.56,8.297846359,1349.58,1.641474729
10/9/2006,11.68,8.297220589,1350.66,1.604059105
10/10/2006,11.52,7.393774587,1353.42,1.624905205
10/11/2006,11.62,7.210197423,1349.95,1.525196943
10/12/2006,11.09,7.620558662,1362.83,1.323624964
10/13/2006,10.75,7.60261787,1365.62,1.403701523
10/16/2006,11.09,7.055246215,1369.05,1.463078406
10/17/2006,11.73,7.231869522,1364.05,1.486841384
10/18/2006,11.34,7.169186578,1365.96,1.555646994
10/19/2006,10.9,7.16249295,1366.96,1.524385667
10/20/2006,10.63,7.161275476,1368.6,1.687461814
10/23/2006,11.08,7.20452341,1377.02,1.692589688
10/24/2006,10.78,7.126973598,1377.38,1.680432208
10/25/2006,10.66,6.735494844,1382.22,1.617902077
10/26/2006,10.56,6.624779144,1389.08,1.613498939
10/27/2006,10.8,7.115176277,1377.34,1.521348082
10/30/2006,11.2,6.829059073,1377.93,1.603557798
10/31/2006,11.1,6.832519531,1377.94,1.7353981
11/1/2006,11.51,7.382420316,1367.81,1.61295291
11/2/2006,11.42,7.307482624,1367.34,1.611716223
11/3/2006,11.16,7.239611794,1364.3,1.666840724
11/6/2006,11.16,7.98064176,1379.78,1.399237128
11/7/2006,11.09,7.121393412,1382.84,1.449707365
11/8/2006,10.75,7.118899878,1385.72,1.466820785
11/9/2006,11.01,7.320032539,1378.33,1.471812367
11/10/2006,10.79,7.326824059,1380.9,1.442286219
11/13/2006,10.86,7.337165739,1384.42,1.429270488
11/14/2006,10.5,7.438409539,1393.22,1.439435511
11/15/2006,10.31,6.90948759,1396.57,1.558041902
11/16/2006,10.16,6.913791394,1399.76,1.542059
11/17/2006,10.05,6.895628963,1401.2,1.526370332
11/20/2006,9.97,6.735723485,1400.5,1.534722467
11/21/2006,9.9,6.73741184,1402.81,1.642393757
11/22/2006,10.14,6.747536228,1406.09,1.63225382
11/23/2006,10.14,6.758573583,1406.09,1.66480055
11/24/2006,10.73,6.707301679,1400.95,1.657604047
11/27/2006,12.3,8.174718167,1381.9,1.324977176
11/28/2006,11.62,8.173537482,1386.72,1.396565993
11/29/2006,10.83,8.558090035,1399.48,1.29551881
11/30/2006,10.91,8.020695543,1400.63,1.384545654
12/1/2006,11.66,8.101871727,1396.71,1.403992128
12/4/2006,11.23,8.537795561,1409.12,1.294961456
12/5/2006,11.27,8.10553569,1414.76,1.31280432
12/6/2006,11.33,8.135082551,1412.9,1.342949517
12/7/2006,12.67,8.240123571,1407.29,1.318109916
12/8/2006,12.07,7.505450588,1409.84,1.386847923
12/11/2006,10.71,7.506475266,1413.04,1.392608362
12/12/2006,10.65,7.521638979,1411.56,1.443539053
12/13/2006,10.18,7.228583095,1413.21,1.436721168
12/14/2006,9.97,7.644056177,1425.49,1.311922051
12/15/2006,10.05,7.633093613,1427.09,1.331249181
12/18/2006,10.6,7.565092657,1422.48,1.33883248
12/19/2006,10.3,7.560003804,1425.55,1.360784259
12/20/2006,10.26,7.57931308,1423.53,1.389464183
12/21/2006,10.53,7.711430979,1418.3,1.437097901
12/22/2006,11.36,7.938301622,1410.76,1.418181444
12/25/2006,11.36,7.925782262,1410.76,1.547852734
12/26/2006,11.26,8.011418314,1416.9,1.774058563
12/27/2006,10.64,8.300399186,1426.84,1.60042858
12/28/2006,10.99,8.205772,1424.73,1.533322223
12/29/2006,11.56,6.875516289,1418.3,1.542746062
1/1/2007,11.56,6.834681237,1418.3,1.700608399
1/2/2007,11.56,6.234390775,1418.3,1.689357634
1/3/2007,12.04,6.259862248,1416.6,1.744037212
1/4/2007,11.51,6.162897642,1418.34,1.803119749
1/5/2007,12.14,5.869222685,1409.71,1.937153867
1/8/2007,12,5.763070838,1412.84,1.885799445
1/9/2007,11.91,5.749514561,1412.11,1.724978029
1/10/2007,11.47,5.620271762,1414.85,1.755314473
1/11/2007,10.87,5.946001702,1423.82,1.594659631
1/12/2007,10.15,6.093018507,1430.73,1.540029183
1/15/2007,10.15,6.072572493,1430.73,1.601164407
1/16/2007,10.74,6.069805281,1431.9,1.739452937
1/17/2007,10.59,5.414225109,1430.62,1.740287085
1/18/2007,10.85,5.496915093,1426.37,1.75242822
1/19/2007,10.4,5.462246135,1430.5,1.819200068
1/22/2007,10.77,5.705103479,1422.95,1.899791434
1/23/2007,10.34,5.803430032,1427.99,1.905821497
1/24/2007,9.89,6.256401332,1440.13,1.688780125
1/25/2007,11.22,7.125794855,1423.9,1.359851336
1/26/2007,11.13,7.144090773,1422.18,1.445915141
1/29/2007,11.45,7.025077828,1420.62,1.56604467
1/30/2007,10.96,6.900343557,1428.82,1.5404154
1/31/2007,10.42,7.195199241,1438.24,1.497536367
2/1/2007,10.31,7.166512963,1445.94,1.549222397
2/2/2007,10.08,7.166453232,1448.39,1.521686142
2/5/2007,10.55,7.18658169,1446.99,1.653210365
2/6/2007,10.65,7.153314661,1448,1.684254243
2/7/2007,10.32,7.154308633,1450.02,1.718792532
2/8/2007,10.44,6.790469129,1448.31,1.703294966
2/9/2007,11.1,7.284048079,1438.06,1.532821437
2/12/2007,11.61,7.391015371,1433.37,1.451491657
2/13/2007,10.34,7.724458137,1444.26,1.371160972
2/14/2007,10.23,7.837736159,1455.3,1.381368835
2/15/2007,10.22,7.723467641,1456.81,1.402842268
2/16/2007,10.02,7.738243965,1455.54,1.480839032
2/19/2007,10.02,7.741780786,1455.54,1.464021745
2/20/2007,10.24,7.75266926,1459.68,1.543733553
2/21/2007,10.2,7.683600082,1457.63,1.523651661
2/22/2007,10.18,7.673719505,1456.38,1.501183786
2/23/2007,10.58,7.543454858,1451.19,1.71618391
2/26/2007,11.15,7.514218037,1449.37,1.750674699
2/27/2007,18.31,13.39962368,1399.04,0.767628309
2/28/2007,15.42,13.11331618,1406.82,0.749435581
3/1/2007,15.82,13.12974754,1403.17,0.733023593
3/2/2007,18.61,13.60059305,1387.17,0.711731708
3/5/2007,19.63,13.66780598,1374.12,0.694282965
3/6/2007,15.96,14.53875023,1395.41,0.688397458
3/7/2007,15.24,14.3692713,1391.97,0.715253276
3/8/2007,14.29,14.61206738,1401.89,0.701902399
3/9/2007,14.09,14.62637927,1402.85,0.732245893
3/12/2007,13.99,14.66963875,1406.6,0.800712506
3/13/2007,18.13,15.9109707,1377.95,0.743075503
3/14/2007,17.27,16.16482221,1387.17,0.672620537
3/15/2007,16.43,16.15189602,1392.28,0.683189478
3/16/2007,16.79,16.16059296,1386.95,0.700252234
3/19/2007,14.59,16.39633102,1402.06,0.678041005
3/20/2007,13.27,16.3235065,1410.94,0.689120327
3/21/2007,12.19,17.37528102,1435.04,0.656392942
3/22/2007,12.93,17.37511025,1434.54,0.674345652
3/23/2007,12.95,17.38259819,1436.11,0.693875069
3/26/2007,13.16,17.35327976,1437.5,0.743535094
3/27/2007,13.48,17.44812348,1428.61,0.796069526
3/28/2007,14.98,17.60477361,1417.23,1.314193113
3/29/2007,15.14,17.65125158,1422.53,1.134905448
3/30/2007,14.64,17.65102795,1420.86,1.200201476
4/2/2007,14.53,13.36179456,1424.55,1.451651646
4/3/2007,13.46,13.56261128,1437.77,1.516000384
4/4/2007,13.24,13.50917296,1439.37,1.270536279
4/5/2007,13.23,12.83103761,1443.76,1.245379107
4/6/2007,13.23,12.2829704,1443.76,1.204439279
4/9/2007,13.14,11.4095564,1444.61,1.22465211
4/10/2007,12.68,11.33526539,1448.39,1.248921281
4/11/2007,13.49,11.48419944,1438.87,1.624467266
4/12/2007,12.71,11.60194331,1447.8,1.557321002
4/13/2007,12.2,11.61535543,1452.85,1.515970046
4/16/2007,11.98,9.369037548,1468.47,1.483468702
4/17/2007,12.14,9.269860193,1471.48,1.326059139
4/18/2007,12.42,9.27796855,1472.5,1.243581788
4/19/2007,12.54,9.122169349,1470.73,1.177050709
4/20/2007,12.07,8.969002464,1484.35,1.211319084
4/23/2007,13.04,8.990290481,1480.93,1.24659499
4/24/2007,13.12,7.412981092,1480.41,1.306493324
4/25/2007,13.21,7.923780842,1495.42,1.278880343
4/26/2007,12.79,7.964378978,1494.25,1.465187682
4/27/2007,12.45,7.982848482,1494.07,1.527349712
4/30/2007,14.22,8.17704156,1482.37,1.451380421
5/1/2007,13.51,7.512099158,1486.3,1.477453836
5/2/2007,13.08,7.634274624,1495.92,1.364381528
5/3/2007,13.09,7.582337064,1502.39,1.363092936
5/4/2007,12.91,7.582046077,1505.62,1.399293209
5/7/2007,13.15,7.20515056,1509.48,1.434701349
5/8/2007,13.21,7.275598435,1507.72,1.467806405
5/9/2007,12.88,7.278738649,1512.58,1.445752631
5/10/2007,13.6,8.928391177,1491.47,1.335004437
5/11/2007,12.95,9.319561657,1505.85,1.210729491
5/14/2007,13.96,9.384597727,1503.15,1.195828368
5/15/2007,14.01,9.028504013,1501.19,1.20955417
5/16/2007,13.5,9.192917519,1514.14,1.19272994
5/17/2007,13.51,9.219850536,1512.75,1.257748411
5/18/2007,12.76,8.861009529,1522.75,1.264497007
5/21/2007,13.3,8.859242661,1525.1,1.252879686
5/22/2007,13.06,8.883515952,1524.12,1.395592329
5/23/2007,13.24,8.883688875,1522.28,1.446310891
5/24/2007,14.08,9.180971532,1507.51,1.379071723
5/25/2007,13.34,9.251103201,1515.73,1.342238593
5/28/2007,13.34,9.246189997,1515.73,1.34761117
5/29/2007,13.53,8.713600256,1518.11,1.58384373
5/30/2007,12.83,9.01791425,1530.23,1.460879401
5/31/2007,13.05,9.013539551,1530.62,1.458733615
6/1/2007,12.78,8.529444633,1536.34,1.484875188
6/4/2007,13.29,8.521494037,1539.18,1.50509547
6/5/2007,13.63,8.622761398,1530.95,1.533493541
6/6/2007,14.87,9.113066468,1517.38,1.466487939
6/7/2007,17.06,10.80933582,1490.72,1.158975861
6/8/2007,14.84,11.43916482,1507.67,1.166727377
6/11/2007,14.71,11.43666691,1509.12,1.145238268
6/12/2007,16.67,11.89947799,1493,1.189867377
6/13/2007,14.73,12.04061351,1515.67,1.091782951
6/14/2007,13.64,11.74229054,1522.97,1.072865163
6/15/2007,13.94,11.87480473,1532.91,1.083917432
6/18/2007,13.42,11.87302558,1531.05,1.055098239
6/19/2007,12.85,11.58130411,1533.7,1.132419087
6/20/2007,14.67,12.46496212,1512.84,1.039107483
6/21/2007,14.21,12.44056234,1522.19,1.065758309
6/22/2007,15.75,13.11574339,1502.56,1.078246961
6/25/2007,16.65,13.14355637,1497.74,1.048539883
6/26/2007,18.89,13.16898478,1492.89,1.075829063
6/27/2007,15.53,13.17574084,1506.34,1.07999336
6/28/2007,15.54,13.04470754,1505.71,1.056201137
6/29/2007,16.23,13.05145643,1503.35,1.106570069
7/2/2007,15.4,13.52749551,1519.43,1.049662369
7/3/2007,14.92,13.31642323,1524.87,1.118007882
7/4/2007,14.92,13.31590217,1524.87,1.182637956
7/5/2007,15.48,13.25263949,1525.4,1.330671503
7/6/2007,14.72,13.28681914,1530.44,1.563532661
7/9/2007,15.16,13.17444156,1531.85,1.401993705
7/10/2007,17.57,13.67851929,1510.12,1.260880788
7/11/2007,16.64,12.44387468,1518.76,1.445754915
7/12/2007,15.54,13.38380638,1547.7,1.096313357
7/13/2007,15.15,13.39905654,1552.5,1.042575094
7/16/2007,15.59,12.82876741,1549.52,1.097064969
7/17/2007,15.63,11.97047815,1549.37,1.089321591
7/18/2007,16,11.93375729,1546.17,1.073375513
7/19/2007,15.23,11.84002832,1553.08,1.249810602
7/20/2007,16.95,12.54654266,1534.1,1.151222821
7/23/2007,16.81,12.63283502,1541.57,1.299721189
7/24/2007,18.55,13.51742018,1511.04,1.183132252
7/25/2007,18.1,13.44929121,1518.09,1.372260326
7/26/2007,20.74,14.90468148,1482.66,0.960437523
7/27/2007,24.17,15.7210337,1458.95,0.920673945
7/30/2007,20.87,16.12247428,1473.91,0.963257094
7/31/2007,23.52,16.2535238,1455.27,0.90225478
8/1/2007,23.67,16.49415357,1465.81,0.888670693
8/2/2007,21.22,16.58709497,1472.2,0.911605627
8/3/2007,25.16,18.1000438,1433.06,0.815934715
8/6/2007,22.94,19.99323941,1467.67,0.71186271
8/7/2007,21.56,20.1452637,1476.71,0.750775594
8/8/2007,21.45,20.75417481,1497.49,0.86396982
8/9/2007,26.48,22.73648265,1453.09,0.727438617
8/10/2007,28.3,22.7292763,1453.64,0.700681161
8/13/2007,26.57,22.35612775,1452.92,0.704531645
8/14/2007,27.68,22.8488699,1426.54,0.707832168
8/15/2007,30.67,21.90681649,1406.7,0.70929147
8/16/2007,30.83,21.91207632,1411.27,0.747575332
8/17/2007,29.99,23.79414625,1445.94,0.666011277
8/20/2007,26.33,23.79205764,1445.55,0.764508886
8/21/2007,25.25,23.82469189,1447.12,0.781865091
8/22/2007,22.89,24.17896728,1464.07,0.86915969
8/23/2007,22.62,23.94611851,1462.5,0.874542863
8/24/2007,20.72,24.25108953,1479.37,1.008409481
8/27/2007,22.72,23.58126252,1466.79,1.195587611
8/28/2007,26.3,24.57690619,1432.36,0.96423628
8/29/2007,23.81,24.7100617,1463.76,1.037538961
8/30/2007,25.06,24.17905086,1457.64,1.073995441
8/31/2007,23.38,24.22599032,1473.99,0.972788225
9/3/2007,23.38,23.83507992,1473.99,1.189651169
9/4/2007,22.78,23.95702403,1489.42,1.097103153
9/5/2007,24.58,24.24991065,1472.29,1.038246946
9/6/2007,23.99,22.50621077,1478.55,1.06178975
9/7/2007,26.23,21.87468135,1453.55,1.280908558
9/10/2007,27.38,21.76476117,1451.7,1.4115255
9/11/2007,25.27,21.73230923,1471.49,1.318181501
9/12/2007,24.96,19.36419045,1471.56,1.416399029
9/13/2007,24.76,19.53081249,1483.95,1.594798937
9/14/2007,24.92,19.52648445,1484.25,1.65347584
9/17/2007,26.48,18.54934939,1476.65,1.648874453
9/18/2007,20.35,19.85570501,1519.78,1.2531189
9/19/2007,20.03,19.87641648,1529.03,1.231099844
9/20/2007,20.45,18.77151967,1518.75,1.141165821
9/21/2007,19,18.77016229,1525.75,1.158173055
9/24/2007,19.37,18.9295085,1517.73,1.087831241
9/25/2007,18.6,18.65337883,1517.21,1.2302822
9/26/2007,17.63,18.67196517,1525.42,1.458728993
9/27/2007,17,18.39553462,1531.38,1.356940469
9/28/2007,18,18.15008179,1526.75,1.469507224
10/1/2007,17.84,16.35705945,1547.04,1.348969691
10/2/2007,18.49,15.10185433,1546.63,1.391329525
10/3/2007,18.8,15.12007902,1539.59,1.389943989
10/4/2007,18.44,14.81458134,1542.84,1.544813179
10/5/2007,16.91,15.0019963,1557.59,1.511336971
10/8/2007,17.46,14.84260774,1552.58,1.698708959
10/9/2007,16.12,14.26274162,1565.15,1.78930576
10/10/2007,16.67,14.31806504,1562.47,1.701571944
10/11/2007,18.88,13.02008446,1554.41,1.716732747
10/12/2007,17.73,12.95755026,1561.8,1.741398647
10/15/2007,19.25,12.95713015,1548.71,1.758673365
10/16/2007,20.02,13.25340258,1538.53,1.89459125
10/17/2007,18.54,13.06601813,1541.24,1.499813989
10/18/2007,18.5,13.08113289,1540.08,1.522233529
10/19/2007,22.96,15.68943948,1500.63,1.260655305
10/22/2007,21.64,12.41913557,1506.33,1.20271696
10/23/2007,20.41,12.60517923,1519.59,1.233869863
10/24/2007,20.8,12.43670612,1515.88,1.219651002
10/25/2007,21.17,12.33760943,1514.4,1.191972412
10/26/2007,19.56,13.02866393,1535.28,1.109615233
10/29/2007,19.87,13.06620158,1540.98,1.206052865
10/30/2007,21.07,13.16246366,1531.02,1.214493505
10/31/2007,18.53,13.66995084,1549.38,1.233131771
11/1/2007,23.21,16.23094837,1508.44,1.053978129
11/2/2007,23.01,15.55505817,1509.65,1.066103262
11/5/2007,24.31,15.60642259,1502.17,1.001698259
11/6/2007,21.39,16.13653661,1520.27,1.02512083
11/7/2007,26.49,18.64462742,1475.62,0.801342218
11/8/2007,26.16,18.24914235,1474.77,0.85466453
11/9/2007,28.5,18.66873116,1453.7,0.957452919
11/12/2007,31.09,18.44151312,1439.18,0.90860695
11/13/2007,24.1,21.27485941,1481.05,0.871920224
11/14/2007,25.94,21.31397834,1470.58,0.927581913
11/15/2007,28.06,21.46607068,1451.15,0.860155419
11/16/2007,25.49,21.54404605,1458.74,0.881056428
11/19/2007,26.01,22.06369376,1433.27,1.069254247
11/20/2007,24.88,22.14465464,1439.7,1.035774254
11/21/2007,26.84,22.54225188,1416.77,0.963077583
11/22/2007,26.84,21.24962539,1416.77,1.012319675
11/23/2007,25.61,22.07907881,1440.7,1.008675462
11/26/2007,28.91,22.83642274,1407.22,0.877660611
11/27/2007,26.28,23.58163081,1428.23,0.887732585
11/28/2007,24.11,25.65028462,1469.02,0.863256611
11/29/2007,23.97,25.15339547,1469.72,0.78302098
11/30/2007,22.87,25.28458851,1481.14,1.002840315
12/3/2007,23.61,25.27281829,1472.42,1.020080077
12/4/2007,23.79,24.89465219,1462.79,1.104046974
12/5/2007,22.53,24.10243114,1485.01,0.96526891
12/6/2007,20.96,24.63133155,1507.34,1.189219254
12/7/2007,20.85,24.58148145,1504.66,1.21067821
12/10/2007,20.74,24.38225267,1515.96,1.347236441
12/11/2007,23.59,23.86614631,1477.65,1.365529849
12/12/2007,22.47,23.94098019,1486.59,1.08555547
12/13/2007,22.56,23.41112642,1488.41,1.204851615
12/14/2007,23.27,23.63915462,1467.95,1.301778066
12/17/2007,24.52,22.13800473,1445.9,1.174183729
12/18/2007,22.64,22.15373177,1454.98,1.227453271
12/19/2007,21.68,21.7235998,1453,1.210613033
12/20/2007,20.58,21.71529137,1460.12,1.340829137
12/21/2007,18.47,21.49912411,1484.46,1.310948783
12/24/2007,18.6,21.58518034,1496.45,1.274138344
12/25/2007,18.6,20.75141329,1496.45,1.48351237
12/26/2007,18.66,20.74287521,1497.66,1.390732726
12/27/2007,20.26,20.81118918,1476.37,1.259266454
12/28/2007,20.74,19.0951254,1478.49,1.290701489
12/31/2007,22.5,18.79378584,1468.36,1.256324272
1/1/2008,22.5,16.33224107,1468.36,1.337727472
1/2/2008,23.17,16.99719966,1447.16,1.320236625
1/3/2008,22.49,16.76054153,1447.16,1.289598738
1/4/2008,23.94,18.39870474,1411.63,1.076455516
1/7/2008,23.79,18.38866293,1416.18,1.101997414
1/8/2008,25.43,18.30713211,1390.19,1.052878721
1/9/2008,24.12,18.16072452,1409.13,1.189741013
1/10/2008,23.45,18.49161258,1420.33,1.153871004
1/11/2008,23.68,18.52540997,1401.02,1.150142038
1/14/2008,22.9,17.47053059,1416.25,1.194130712
1/15/2008,23.34,18.81137392,1380.95,1.153311347
1/16/2008,24.38,18.77312519,1373.2,1.092168687
1/17/2008,28.46,20.32370765,1333.25,0.938693687
1/18/2008,27.18,19.98817956,1325.19,0.913982567
1/21/2008,27.18,19.7491622,1325.19,0.846048989
1/22/2008,31.01,19.86937078,1310.5,0.860895914
1/23/2008,29.02,21.3847528,1338.6,0.824325113
1/24/2008,27.78,20.79315624,1352.07,0.839489387
1/25/2008,29.08,20.74144444,1330.61,0.90337201
1/28/2008,27.78,21.94637883,1353.97,0.909551584
1/29/2008,27.32,22.14627381,1362.3,1.011764352
1/30/2008,27.62,21.86820224,1355.81,1.039679444
1/31/2008,26.2,22.7998654,1378.55,1.053960843
2/1/2008,24.02,23.2692907,1395.42,1.029530112
2/4/2008,25.99,23.41811519,1380.82,1.109812311
2/5/2008,28.24,25.05625007,1336.64,0.976094135
2/6/2008,28.97,25.07199648,1326.45,1.067699122
2/7/2008,27.66,24.26952102,1336.91,1.035322518
2/8/2008,28.01,24.20780825,1331.29,1.035451019
2/11/2008,27.6,23.72843817,1339.13,1.072574947
2/12/2008,26.33,23.36835023,1348.86,1.060529368
2/13/2008,24.88,23.69808911,1367.21,1.080511964
2/14/2008,25.54,23.68829653,1348.86,1.129184622
2/15/2008,25.02,23.33170475,1349.99,1.359405485
2/18/2008,25.02,21.97896237,1349.99,1.3390588
2/19/2008,25.59,21.91942612,1348.78,1.380914579
2/20/2008,24.4,19.83212018,1360.03,1.601766081
2/21/2008,25.12,20.21803397,1342.53,1.493321744
2/22/2008,24.06,20.35401586,1353.11,1.45508497
2/25/2008,23.03,20.34013967,1371.8,1.508106958
2/26/2008,21.9,19.32538152,1381.29,1.470631145
2/27/2008,22.69,19.10863087,1380.02,1.491435818
2/28/2008,23.53,18.55898492,1367.68,1.52588096
2/29/2008,26.54,19.85961166,1330.63,1.278022697
3/3/2008,26.28,19.73028552,1331.34,1.208432534
3/4/2008,25.52,19.70623398,1326.75,1.345336835
3/5/2008,24.6,18.90648405,1333.7,1.498794982
3/6/2008,27.55,19.47348093,1304.34,1.434477225
3/7/2008,27.49,19.39453013,1293.37,1.39312031
3/10/2008,29.38,17.25155045,1273.37,1.388161705
3/11/2008,26.36,21.31289002,1320.65,1.132782117
3/12/2008,27.22,21.32217689,1308.77,1.102450479
3/13/2008,27.29,21.37393371,1315.48,1.070463873
3/14/2008,31.16,22.25232721,1288.14,1.066132216
3/17/2008,32.24,22.17012131,1276.6,1.06518747
3/18/2008,25.79,26.08864377,1330.74,0.888037196
3/19/2008,29.84,26.89035956,1298.42,0.884824213
3/20/2008,26.62,28.13453826,1329.51,0.825361435
3/21/2008,26.62,28.13453826,1329.51,0.876415509
3/24/2008,25.73,28.60128485,1349.88,0.846350963
3/25/2008,25.72,28.47788908,1352.99,0.835127646
3/26/2008,26.08,28.30431155,1341.13,0.812450564
3/27/2008,25.88,28.41718964,1325.76,0.85571005
3/28/2008,25.71,28.06823624,1315.22,0.908648453
3/31/2008,25.61,28.02963709,1322.7,1.05296229
4/1/2008,22.68,30.58922652,1370.18,0.932451288
4/2/2008,23.43,30.45022972,1367.53,0.933579184
4/3/2008,23.21,29.00450926,1369.31,0.928029003
4/4/2008,22.45,29.00381545,1370.4,1.071895008
4/7/2008,22.42,28.95764544,1372.54,1.102836235
4/8/2008,22.36,29.00850551,1365.54,1.211573027
4/9/2008,22.81,28.11779299,1354.49,1.111165531
4/10/2008,21.98,27.91606371,1360.55,1.180059891
4/11/2008,23.46,28.30483997,1332.83,1.149466832
4/14/2008,23.82,25.69900844,1328.32,1.351480063
4/15/2008,22.78,25.53158465,1334.43,1.437609984
4/16/2008,20.53,26.4761121,1364.71,1.09815913
4/17/2008,20.37,25.3600168,1365.56,1.310460599
4/18/2008,20.13,25.53372788,1390.33,1.147955587
4/21/2008,20.5,21.90458728,1388.17,1.183593505
4/22/2008,20.87,20.38521194,1375.94,1.165503456
4/23/2008,20.26,19.04014476,1379.93,1.199974001
4/24/2008,20.06,19.09511054,1388.82,1.245875677
4/25/2008,19.59,18.61744032,1397.84,1.265294263
4/28/2008,19.64,18.63390316,1396.37,1.296199965
4/29/2008,20.24,18.40589649,1390.94,1.327581899
4/30/2008,20.79,17.96980016,1385.59,1.208732719
5/1/2008,18.88,18.3028914,1409.34,1.208478469
5/2/2008,18.18,18.27961807,1413.9,1.231957476
5/5/2008,18.9,14.54338789,1407.49,1.223308399
5/6/2008,18.21,14.65256329,1418.26,1.242601763
5/7/2008,19.73,15.99554816,1392.57,1.184728006
5/8/2008,19.4,16.02386046,1397.68,1.242728527
5/9/2008,19.41,16.21078719,1388.28,1.221857583
5/12/2008,17.79,16.44069398,1403.58,1.305811956
5/13/2008,17.98,16.14726577,1403.04,1.367458817
5/14/2008,17.66,16.13847597,1408.66,1.343078349
5/15/2008,16.3,14.56499266,1423.57,1.210673207
5/16/2008,16.47,14.42494476,1425.35,1.23843439
5/19/2008,17.01,14.42934984,1426.63,1.261991681
5/20/2008,17.58,13.26534271,1413.4,1.290545162
5/21/2008,18.59,14.44789412,1390.71,1.254825991
5/22/2008,18.05,13.21598894,1394.35,1.253900296
5/23/2008,19.55,13.9108419,1375.93,1.216082673
5/26/2008,19.55,13.60870961,1375.93,1.224905772
5/27/2008,19.64,13.76078112,1385.35,1.248141059
5/28/2008,19.07,13.65941952,1390.84,1.319892335
5/29/2008,18.14,13.60430026,1398.26,1.384784793
5/30/2008,17.83,13.60704991,1400.38,1.296002049
6/2/2008,19.83,13.99045738,1385.67,1.235929269
6/3/2008,20.24,14.06190031,1377.65,1.308860677
6/4/2008,20.8,12.76645473,1377.2,1.300647319
6/5/2008,18.63,14.35599652,1404.05,1.267209413
6/6/2008,23.56,17.46187509,1360.68,1.003347381
6/9/2008,23.12,17.21116184,1361.76,1.035265279
6/10/2008,23.18,16.28062371,1358.44,0.977330175
6/11/2008,24.12,16.99333475,1335.49,0.954110581
6/12/2008,23.33,16.98737699,1339.87,0.964201688
6/13/2008,21.22,17.36087641,1360.03,0.871304642
6/16/2008,20.95,17.36412856,1360.14,0.908053497
6/17/2008,21.13,17.35878245,1350.93,0.956504772
6/18/2008,22.24,17.02576911,1337.81,0.995736765
6/19/2008,21.58,17.10671562,1342.83,1.082057666
6/20/2008,22.87,17.8456008,1317.93,0.993532123
6/23/2008,22.64,17.75451223,1318,1.10990866
6/24/2008,22.42,17.17786528,1314.29,1.142411435
6/25/2008,21.14,17.31184251,1321.97,1.172656698
6/26/2008,23.93,19.15740994,1283.15,0.958776
6/27/2008,23.44,19.13472591,1278.38,0.93801265
6/30/2008,23.95,18.90176043,1280,0.950620373
7/1/2008,23.65,18.89645416,1284.91,1.086778999
7/2/2008,25.92,19.26793753,1261.52,1.061358241
7/3/2008,24.78,19.25451548,1262.9,1.124694638
7/4/2008,24.78,19.17906738,1262.9,1.039011173
7/7/2008,25.78,19.22772118,1252.31,1.33175092
7/8/2008,23.15,20.38820998,1273.7,1.256021988
7/9/2008,25.23,19.82602039,1244.69,1.162099665
7/10/2008,25.59,18.09708475,1253.39,1.234940636
7/11/2008,27.49,18.20930355,1239.49,1.200918542
7/14/2008,28.48,18.27923123,1228.3,1.107333532
7/15/2008,28.54,17.91580168,1214.91,1.099022497
7/16/2008,25.1,20.14825526,1245.36,1.009994369
7/17/2008,25.01,19.86990434,1260.32,1.068167657
7/18/2008,24.05,19.87364244,1260.68,1.069019192
7/21/2008,23.05,19.84926919,1260,1.168452512
7/22/2008,21.18,20.39034245,1277,1.149425403
7/23/2008,21.31,20.40010562,1282.19,1.169974611
7/24/2008,23.44,20.86523737,1252.54,1.023041046
7/25/2008,22.91,20.9538237,1257.76,1.190512446
7/28/2008,24.23,21.65296841,1234.37,1.126839897
7/29/2008,22.03,23.1067607,1263.2,1.0817257
7/30/2008,21.21,21.85499805,1284.26,1.054167618
7/31/2008,22.94,22.25117699,1267.38,1.159697914
8/1/2008,22.57,22.31065263,1260.31,1.137775604
8/4/2008,23.49,22.42146172,1249.01,1.157667304
8/5/2008,21.14,23.63364235,1284.88,1.092453895
8/6/2008,20.23,23.64750455,1289.19,1.010169607
8/7/2008,21.15,24.43785064,1266.07,1.08283975
8/8/2008,20.66,25.42326696,1296.32,1.046757008
8/11/2008,20.12,24.94747191,1305.32,1.152270373
8/12/2008,21.17,24.03586161,1289.59,1.206480016
8/13/2008,21.55,24.0057991,1285.83,1.245465372
8/14/2008,20.34,23.67334929,1292.93,1.124462315
8/15/2008,19.58,23.38846311,1298.2,1.152512461
8/18/2008,20.98,23.69133397,1278.6,1.100563672
8/19/2008,21.28,22.64599497,1266.69,1.072205918
8/20/2008,20.42,22.40492965,1274.54,1.009373278
8/21/2008,19.82,22.41348469,1277.72,1.046275933
8/22/2008,18.81,22.67595616,1292.2,1.15819297
8/25/2008,20.97,23.23974058,1266.84,1.087324951
8/26/2008,20.49,23.23232179,1271.51,1.183162958
8/27/2008,19.76,22.01713839,1281.66,1.096066295
8/28/2008,19.43,22.45522508,1300.68,1.043130006
8/29/2008,20.65,22.02390118,1282.83,1.12278179
9/1/2008,20.65,20.75666065,1282.83,1.13938259
9/2/2008,21.99,20.08029838,1277.58,1.218859721
9/3/2008,21.43,19.60364832,1274.98,1.130363175
9/4/2008,24.03,21.88865596,1236.83,0.93737552
9/5/2008,23.06,21.76251536,1242.31,1.007348099
9/8/2008,22.64,20.69414877,1267.79,0.944242487
9/9/2008,25.47,23.36128374,1224.51,0.802672584
9/10/2008,24.52,22.85814589,1232.04,0.86686318
9/11/2008,24.39,21.85291684,1249.05,0.887361864
9/12/2008,25.66,21.70347971,1251.7,0.863318262
9/15/2008,31.7,26.12839302,1192.7,0.667007786
9/16/2008,30.3,26.98078331,1213.59,0.716684925
9/17/2008,36.22,30.52208429,1156.39,0.628765752
9/18/2008,33.1,34.20157381,1206.51,0.552880487
9/19/2008,32.07,36.6698079,1255.08,0.506672927
9/22/2008,33.85,38.59997819,1207.09,0.461382645
9/23/2008,35.72,38.75884216,1188.22,0.52428988
9/24/2008,35.19,38.72062681,1185.87,0.528280615
9/25/2008,32.82,39.15060814,1209.18,0.514816773
9/26/2008,34.74,38.74635024,1213.01,0.521836029
9/29/2008,46.72,47.81898207,1106.39,0.414224255
9/30/2008,39.39,51.47989065,1166.36,0.391252659
10/1/2008,39.81,51.10424284,1161.06,0.429473845
10/2/2008,45.26,52.36997911,1114.28,0.411451266
10/3/2008,45.14,52.40267045,1099.23,0.473284387
10/6/2008,52.05,53.46240645,1056.89,0.447939734
10/7/2008,53.68,55.84722829,996.23,0.413679061
10/8/2008,57.53,55.42557067,984.94,0.478345708
10/9/2008,63.92,59.3692885,909.92,0.411381194
10/10/2008,69.95,58.31968508,899.22,0.420727085
10/13/2008,54.99,71.45413269,1003.35,0.355474835
10/14/2008,55.13,71.31221117,998.01,0.452746913
10/15/2008,69.25,75.75808799,907.84,0.395911192
10/16/2008,67.61,77.71881665,946.43,0.476322664
10/17/2008,70.33,76.71528642,940.55,0.448725816
10/20/2008,52.97,78.47042146,985.4,0.433908929
10/21/2008,53.11,77.73262516,955.05,0.465845348
10/22/2008,69.65,77.71121653,896.78,0.480220955
10/23/2008,67.8,76.1919772,908.11,0.486819202
10/24/2008,79.13,76.06096382,876.77,0.45984623
10/27/2008,80.06,76.32418372,848.92,0.494139608
10/28/2008,66.96,85.86083287,940.51,0.582769512
10/29/2008,69.96,85.33645135,930.09,0.505990163
10/30/2008,62.9,86.02590734,954.09,0.522799716
10/31/2008,59.89,81.9590342,968.75,0.611025631
11/3/2008,53.68,79.52088696,966.3,0.628494249
11/4/2008,47.73,81.01472077,1005.75,0.728562295
11/5/2008,54.56,81.71472138,952.77,0.742817468
11/6/2008,63.68,82.99399074,904.88,0.790571027
11/7/2008,56.1,83.0447381,930.99,0.894606903
11/10/2008,59.98,81.1129703,919.21,1.007195223
11/11/2008,61.44,81.32252122,898.95,0.810055634
11/12/2008,66.46,79.24551837,852.3,0.80043291
11/13/2008,59.83,82.42207447,911.29,0.961054969
11/14/2008,66.31,73.8113297,873.29,0.94243228
11/17/2008,69.15,74.13033576,850.75,1.000664462
11/18/2008,67.64,68.40429339,859.12,0.776108503
11/19/2008,74.26,69.36101322,806.58,0.754804191
11/20/2008,80.86,72.1900053,752.44,0.952842394
11/21/2008,72.67,73.69045789,800.03,0.903227041
11/24/2008,64.7,76.87131197,851.81,1.026928867
11/25/2008,60.9,74.39739369,857.39,1.071015015
11/26/2008,54.92,75.21646564,887.68,0.907563872
11/27/2008,54.92,74.29124022,887.68,0.978019757
11/28/2008,55.28,73.45459183,896.24,0.905614107
12/1/2008,68.51,70.37185394,816.21,0.789489673
12/2/2008,62.98,71.82925937,848.81,0.713932944
12/3/2008,60.72,71.83068375,870.74,0.648543135
12/4/2008,63.64,72.05215284,845.22,0.754959602
12/5/2008,59.93,73.29403612,876.07,0.890543537
12/8/2008,58.49,73.13630107,909.7,0.790854963
12/9/2008,58.91,71.53461372,888.67,0.864678819
12/10/2008,55.73,69.72459036,899.24,0.91137887
12/11/2008,55.78,69.66070366,873.59,1.002321458
12/12/2008,54.28,69.61393918,879.73,0.929833095
12/15/2008,56.76,69.36545453,868.57,1.059574842
12/16/2008,52.37,69.05154347,913.18,1.081912306
12/17/2008,49.84,65.45692698,904.42,1.089544119
12/18/2008,47.34,64.32155961,885.28,1.22225949
12/19/2008,44.93,63.65461721,887.88,1.372447405
12/22/2008,44.56,63.95765988,871.63,1.262318776
12/23/2008,45.02,60.48504796,863.16,1.156510341
12/24/2008,44.21,55.50787466,868.15,1.121815694
12/25/2008,44.21,52.06865551,868.15,1.043448023
12/26/2008,43.38,47.80460759,872.8,1.075328543
12/29/2008,43.9,47.8020764,869.42,1.115864956
12/30/2008,41.63,47.05977694,890.64,1.399006651
12/31/2008,40,47.26686411,903.25,1.317558838
1/1/2009,40,47.17923968,903.25,1.310192769
1/2/2009,39.19,36.94550324,931.8,1.365594007
1/5/2009,39.08,35.19346468,927.45,1.325309752
1/6/2009,38.56,34.43178938,934.7,1.330874609
1/7/2009,43.39,34.50582139,906.65,1.332896047
1/8/2009,42.56,32.59269743,909.73,1.299941062
1/9/2009,42.82,30.92232378,890.35,1.315809195
1/12/2009,45.84,30.87837631,870.26,1.291221822
1/13/2009,43.27,30.5957079,871.79,1.392443774
1/14/2009,49.14,31.12366412,842.62,1.257932198
1/15/2009,51,31.00936376,843.74,1.234675247
1/16/2009,46.11,30.90608112,850.12,1.206152895
1/19/2009,46.11,25.34534413,850.12,1.180719136
1/20/2009,56.65,30.0908029,805.22,1.05382141
1/21/2009,46.42,33.3610933,840.24,1.014294826
1/22/2009,47.29,33.58725158,827.5,1.017722848
1/23/2009,47.27,33.25430469,831.95,1.048394226
1/26/2009,45.69,33.22018644,836.57,1.059540723
1/27/2009,42.25,33.38016769,845.71,1.099578645
1/28/2009,39.66,35.21976453,874.09,1.018517078
1/29/2009,42.63,36.8300545,845.14,0.959420223
1/30/2009,44.84,37.49888713,825.88,0.966347922
2/2/2009,45.52,36.42693185,825.44,0.976515199
2/3/2009,43.06,36.51797134,838.51,0.991884506
2/4/2009,43.85,36.53493946,832.23,1.006482585
2/5/2009,43.73,35.24195677,845.85,1.151169879
2/6/2009,43.37,36.62925039,868.6,1.119174218
2/9/2009,43.64,36.48989361,869.89,1.161247823
2/10/2009,46.67,38.54725277,827.16,1.129430329
2/11/2009,44.53,38.66656463,833.74,1.096186075
2/12/2009,41.25,38.20679832,835.19,1.283807805
2/13/2009,42.93,37.68696984,826.84,1.36669972
2/16/2009,42.93,37.6726069,826.84,1.274483229
2/17/2009,48.66,38.9789422,789.17,1.17195902
2/18/2009,48.46,38.9615934,788.42,1.485021256
2/19/2009,47.08,38.92200388,778.94,1.245060965
2/20/2009,49.3,38.990846,770.05,1.298386279
2/23/2009,52.62,36.85579659,743.33,1.249500595
2/24/2009,45.49,36.39493281,773.14,1.145336588
2/25/2009,44.67,36.26030621,764.9,1.086091767
2/26/2009,44.66,36.37249641,752.83,1.037742008
2/27/2009,46.35,36.76920284,735.09,1.116478519
3/2/2009,52.65,38.71823327,700.82,1.086581362
3/3/2009,50.93,36.12227881,696.33,1.135493719
3/4/2009,47.56,36.69599236,712.87,1.077520502
3/5/2009,50.17,38.18323241,682.55,1.039949842
3/6/2009,49.33,38.22352515,683.38,1.069618613
3/9/2009,49.68,37.38902214,676.53,1.088831594
3/10/2009,44.37,44.20383681,719.6,0.949711178
3/11/2009,43.61,43.66394057,721.36,1.047322835
3/12/2009,41.18,45.03940457,750.74,0.967047441
3/13/2009,42.36,45.19553274,756.55,0.921847437
3/16/2009,43.74,42.68092579,753.89,0.989040237
3/17/2009,40.8,44.10587836,778.12,0.977435708
3/18/2009,40.06,44.7456761,794.35,1.122295551
3/19/2009,43.68,44.81737878,784.04,1.144485383
3/20/2009,45.89,45.18929068,768.54,1.127011007
3/23/2009,43.23,48.71494697,822.92,1.004994139
3/24/2009,42.93,49.26397586,806.12,1.091105562
3/25/2009,42.25,49.11635998,813.88,0.969759967
3/26/2009,40.36,49.34732946,832.86,0.963021548
3/27/2009,41.04,48.31762638,815.94,0.977909724
3/30/2009,45.54,48.33835952,787.53,1.000542648
3/31/2009,44.14,48.31316273,797.87,1.164660947
4/1/2009,42.28,48.12889245,811.08,1.149531804
4/2/2009,42.04,47.88148633,834.38,1.071155005
4/3/2009,39.7,44.45259812,842.5,1.160912027
4/6/2009,40.93,44.5264808,835.48,1.173795543
4/7/2009,40.39,45.35403614,815.55,1.188502712
4/8/2009,38.85,42.25974706,825.16,1.087810963
4/9/2009,36.53,43.27209565,856.56,1.032086449
4/10/2009,36.53,42.88455709,856.56,1.005199826
4/13/2009,37.81,38.88058704,858.73,1.06616143
4/14/2009,37.67,39.89517541,841.5,1.112628301
4/15/2009,36.17,38.25678972,852.06,1.061684867
4/16/2009,35.79,38.39029179,865.3,1.06115643
4/17/2009,33.94,38.25933098,869.6,1.191723757
4/20/2009,39.18,40.37282915,832.39,1.168263593
4/21/2009,37.14,40.39222927,850.08,1.109014343
4/22/2009,38.1,40.19437271,843.55,1.132349931
4/23/2009,37.15,39.45908843,851.92,1.143075712
4/24/2009,36.82,32.78257403,866.23,1.107786254
4/27/2009,38.32,32.15360973,857.51,1.154693027
4/28/2009,37.95,32.1140584,855.16,1.320925304
4/29/2009,36.08,31.99430469,873.64,1.280244579
4/30/2009,36.5,31.0942668,872.81,1.264750424
5/1/2009,35.3,28.31079016,877.52,1.294343605
5/4/2009,34.53,29.76745486,907.24,1.16206163
5/5/2009,33.36,29.67084744,903.8,1.234472811
5/6/2009,32.45,28.87248447,919.53,1.229200923
5/7/2009,33.44,29.35039408,907.39,1.203771156
5/8/2009,32.05,29.82810736,929.23,1.1179441
5/11/2009,32.87,29.58913374,909.24,1.114430854
5/12/2009,31.8,29.54309251,908.35,1.189637624
5/13/2009,33.65,28.86306947,883.92,1.156911694
5/14/2009,31.37,29.00158705,893.07,1.136438597
5/15/2009,33.12,29.32216568,882.88,1.147888346
5/18/2009,30.24,29.85016938,909.71,1.044877872
5/19/2009,28.8,29.7287884,908.13,1.243807505
5/20/2009,29.03,29.51147324,903.47,1.213474912
5/21/2009,31.35,30.10989696,888.33,1.253732466
5/22/2009,32.63,26.19700454,887,1.260633999
5/25/2009,32.63,25.44053021,887,1.288694737
5/26/2009,30.62,26.41535251,910.33,1.296787697
5/27/2009,32.36,27.2783394,893.06,1.282305053
5/28/2009,31.67,27.19961765,906.83,1.230536255
5/29/2009,28.92,27.1236604,919.14,1.26214723
6/1/2009,30.04,28.03180067,942.87,1.184516728
6/2/2009,29.63,27.40519314,944.74,1.194655423
6/3/2009,31.02,27.94236864,931.76,1.169137105
6/4/2009,30.18,28.07345878,942.46,1.157816123
6/5/2009,29.62,26.09130005,940.09,1.229823771
6/8/2009,29.77,26.04315931,939.14,1.215603408
6/9/2009,28.27,25.50397235,942.43,1.284034103
6/10/2009,28.46,25.09104671,939.15,1.279345117
6/11/2009,28.11,23.96174534,944.89,1.389489409
6/12/2009,28.15,22.72802251,946.21,1.335682347
6/15/2009,30.81,24.19876188,923.72,1.346588235
6/16/2009,32.68,22.80026114,911.97,1.241391162
6/17/2009,31.54,22.60949233,910.71,1.219106804
6/18/2009,30.03,22.33338355,918.37,1.254577814
6/19/2009,27.99,20.11304075,921.23,1.395355689
6/22/2009,31.17,22.53908116,893.04,1.312822487
6/23/2009,30.58,22.50374569,895.1,1.353124827
6/24/2009,29.05,21.88628166,900.94,1.301937298
6/25/2009,26.36,22.88812147,920.26,1.331897152
6/26/2009,25.93,22.90487894,918.9,1.344050498
6/29/2009,25.35,21.48675191,927.23,1.250928945
6/30/2009,26.35,20.67284188,919.32,1.32559383
7/1/2009,26.22,20.14230791,923.33,1.344536934
7/2/2009,27.95,21.88307656,896.42,1.280917669
7/3/2009,27.95,19.91081968,896.42,1.285389451
7/6/2009,29,19.92472848,898.72,1.299915032
7/7/2009,30.85,20.40142437,881.03,1.272486224
7/8/2009,31.3,19.86308586,879.56,1.245823273
7/9/2009,29.78,19.97069586,882.68,1.29103978
7/10/2009,29.02,19.96914167,879.13,1.311681405
7/13/2009,26.31,21.8382192,901.05,1.226431668
7/14/2009,25.02,21.95018107,905.84,1.378494484
7/15/2009,25.89,24.07936177,932.68,1.329846088
7/16/2009,25.42,24.25554354,940.74,1.31065895
7/17/2009,24.34,22.88807184,940.38,1.287094623
7/20/2009,24.4,22.65390929,951.13,1.213866564
7/21/2009,23.87,22.63351402,954.58,1.39145151
7/22/2009,23.47,22.54280611,954.07,1.407941871
7/23/2009,23.43,23.61813418,976.29,1.266126158
7/24/2009,23.09,20.7592959,979.26,1.183291822
7/27/2009,24.28,20.75461435,982.18,1.198816498
7/28/2009,25.01,20.84258661,979.62,1.207401197
7/29/2009,25.61,20.08074339,975.15,1.289517672
7/30/2009,25.4,20.25994012,986.75,1.288416055
7/31/2009,25.92,20.16741692,987.48,1.416428389
8/3/2009,25.56,20.19436019,1002.63,1.393965746
8/4/2009,24.89,20.19423009,1005.65,1.489046333
8/5/2009,24.9,17.03576026,1002.72,1.630841995
8/6/2009,25.67,17.30558456,997.08,1.694472567
8/7/2009,24.76,17.53231513,1010.48,1.595528438
8/10/2009,24.99,15.69998837,1007.1,1.599488559
8/11/2009,25.99,16.64703743,994.35,1.439724408
8/12/2009,25.45,16.76321602,1005.81,1.368548382
8/13/2009,24.71,16.44979327,1012.73,1.444083594
8/14/2009,24.27,15.77369617,1004.09,1.436191641
8/17/2009,27.89,18.35347693,979.73,1.24123525
8/18/2009,26.18,16.23527055,989.67,1.256315072
8/19/2009,26.26,16.1711181,996.46,1.254962842
8/20/2009,25.09,16.37165827,1007.37,1.239713186
8/21/2009,25.01,16.94388329,1026.13,1.186470331
8/24/2009,25.14,16.98734431,1025.57,1.20591753
8/25/2009,24.92,16.9457819,1028,1.306284783
8/26/2009,24.95,15.51852446,1028.12,1.387834107
8/27/2009,24.68,15.51719558,1030.98,1.462948221
8/28/2009,24.76,15.57362335,1028.93,1.494974021
8/31/2009,26.01,15.85199359,1020.62,1.54535411
9/1/2009,29.15,17.56876015,998.04,1.387539645
9/2/2009,28.9,17.22107995,994.75,1.390005844
9/3/2009,27.1,17.42475263,1003.24,1.408453577
9/4/2009,25.26,17.23176414,1016.4,1.434728659
9/7/2009,25.26,17.21345467,1016.4,1.427350457
9/8/2009,25.62,17.38090149,1025.39,1.455400174
9/9/2009,24.32,17.3646947,1033.37,1.535736042
9/10/2009,23.55,17.16229333,1044.14,1.505313275
9/11/2009,24.15,17.11311714,1042.73,1.506685317
9/14/2009,23.86,16.4783553,1049.34,1.508128416
9/15/2009,23.42,16.18168038,1052.63,1.782032779
9/16/2009,23.69,16.69303516,1068.76,1.604677859
9/17/2009,23.65,16.39201547,1065.49,1.655424983
9/18/2009,23.92,13.63084222,1068.3,1.62770907
9/21/2009,24.06,13.63040763,1064.66,1.666885396
9/22/2009,23.08,13.62193489,1071.66,1.701807083
9/23/2009,23.49,13.99203911,1060.87,1.677651051
9/24/2009,24.95,13.31895237,1050.78,1.677384884
9/25/2009,25.61,13.5125931,1044.38,1.688482632
9/28/2009,24.88,14.60550639,1062.98,1.567976981
9/29/2009,25.19,14.64895081,1060.61,1.69614122
9/30/2009,25.61,14.7173934,1057.08,1.953159439
10/1/2009,28.27,17.11226919,1029.85,1.639027374
10/2/2009,28.68,16.96220761,1025.21,1.576878338
10/5/2009,26.84,15.80121243,1040.46,1.431245344
10/6/2009,25.7,16.16299495,1054.72,1.408699297
10/7/2009,24.68,16.03252187,1057.58,1.470934727
10/8/2009,24.18,15.71049544,1065.48,1.419085038
10/9/2009,23.12,15.73791593,1071.49,1.40500015
10/12/2009,23.01,15.59719635,1076.19,1.477854032
10/13/2009,22.99,15.54790604,1073.19,1.502432017
10/14/2009,22.86,16.15640665,1092.02,1.389297518
10/15/2009,21.72,16.13256826,1096.56,1.442348935
10/16/2009,21.43,16.40092378,1087.68,1.456619812
10/19/2009,21.49,16.59444598,1097.91,1.479668906
10/20/2009,20.9,16.12934652,1091.06,1.516817016
10/21/2009,22.22,16.39581357,1081.4,1.464090637
10/22/2009,20.69,16.70715265,1092.91,1.482888882
10/23/2009,22.27,17.20112791,1079.6,1.551622725
10/26/2009,24.31,17.53122259,1066.95,1.576017133
10/27/2009,24.83,17.2424631,1063.41,1.573871676
10/28/2009,27.91,18.15185278,1042.63,1.470796563
10/29/2009,24.76,19.48042848,1066.11,1.362464147
10/30/2009,30.69,20.76971349,1036.19,1.328786295
11/2/2009,29.78,20.90439028,1042.88,1.380110036
11/3/2009,28.81,20.90587665,1045.41,1.330675021
11/4/2009,27.72,19.04067793,1046.5,1.313905908
11/5/2009,25.43,19.87050057,1066.63,1.209674642
11/6/2009,24.19,19.36563329,1069.3,1.220912059
11/9/2009,23.15,20.15955038,1093.08,1.096772941
11/10/2009,22.84,20.16236578,1093.01,1.125851895
11/11/2009,23.04,20.09722557,1098.51,1.154536514
11/12/2009,24.24,20.38695866,1087.24,1.159300519
11/13/2009,23.36,20.41892589,1093.48,1.128345205
11/16/2009,22.89,20.85809301,1109.3,1.098855042
11/17/2009,22.41,20.12793263,1110.32,1.136350133
11/18/2009,21.63,20.09804767,1109.8,1.139820428
11/19/2009,22.63,20.42535205,1094.9,1.198679561
11/20/2009,22.19,20.21852374,1091.38,1.148405087
11/23/2009,21.16,20.59032966,1106.24,1.219516901
11/24/2009,20.47,20.34140646,1105.65,1.372961922
11/25/2009,20.48,20.11597396,1110.63,1.438835586
11/26/2009,20.48,19.63434969,1110.63,1.668131797
11/27/2009,24.74,20.11483048,1091.49,1.409505955
11/30/2009,24.51,20.07816357,1095.63,1.795178467
12/1/2009,21.92,19.05490266,1108.86,1.727896423
12/2/2009,21.12,17.82060659,1109.24,1.724083796
12/3/2009,22.46,15.12679591,1099.92,1.676824711
12/4/2009,21.25,15.10269754,1105.98,1.572483596
12/7/2009,22.1,15.18913893,1103.25,1.539890464
12/8/2009,23.69,15.7285,1091.94,1.469899018
12/9/2009,22.66,14.59509274,1095.95,1.489208293
12/10/2009,22.32,14.66920221,1102.35,1.531487113
12/11/2009,21.59,12.87068377,1106.41,1.653832419
12/14/2009,21.15,13.03689787,1114.11,1.614514223
12/15/2009,21.49,13.11458912,1107.93,1.612564793
12/16/2009,20.54,12.60495067,1109.18,1.627519281
12/17/2009,22.51,13.13895498,1096.08,1.531145992
12/18/2009,21.68,12.37340752,1102.47,1.629833354
12/21/2009,20.49,12.85692869,1114.05,1.576568802
12/22/2009,19.54,12.90179706,1118.02,1.542600293
12/23/2009,19.71,12.03053574,1120.59,1.535682216
12/24/2009,19.47,12.0188263,1126.48,1.565028472
12/25/2009,19.47,11.27424371,1126.48,1.614203617
12/28/2009,19.93,11.26586909,1127.78,2.009888217
12/29/2009,20.01,11.21784695,1126.2,2.051607229
12/30/2009,19.96,11.21686157,1126.42,1.892422411
12/31/2009,21.68,10.14269166,1115.1,1.775048682
